city,state,lat,lon
Gustavus,AK,58.4284,-135.7615
Atmore,AL,31.067066666666665,-87.37886666666668
Hoover,AL,33.350293,-86.851123
Greenville,AL,31.81,-86.6229
Hueytown,AL,33.4512197,-86.9966606
WASILLA,AK,61.56923333333333,-149.4393
Leeds,AL,33.5283,-86.5748
CULLMAN,AL,34.167525,-86.85542500000001
Valdez,AK,61.101,-146.9
Sitka,AK,57.0514,-135.3166
Ketchikan,AK,55.457,-131.55795
Northport,AL,33.299600000000005,-87.57890000000002
Mobile,AL,30.67372272727272,-88.1530136363636
Opelika,AL,32.574675,-85.37135
Orange Beach,AL,30.281,-87.5815
Pelham,AL,33.2932,-86.768
Anniston,AL,33.694100000000006,-85.808025
Enterprise,AL,31.3193,-85.87285
Wetumpka,AL,32.57745,-86.15735000000001
Irondale,AL,33.5381601,-86.7072102
Arkadelphia,AR,34.0754,-93.14926666666668
Gulf Shores,AL,30.2685,-87.6944
Birmingham,AL,33.521697368421066,-86.8689736842104
Selma,AL,32.4182,-87.05423333333333
Shorter,AL,31.942300000000003,-85.51485
Tuscaloosa,AL,33.25175,-87.53621000000001
Huntsville,AL,34.72481666666667,-86.57349999999998
Cabot,AR,34.9457,-92.0318
Houston,AK,62.2804,-149.7152
Bella Vista,AR,36.46765,-94.26875
Fairbanks,AK,64.83989,-147.51057
Decatur,AL,34.547,-86.9474
Pinson,AL,33.7299,-86.6451
Fayetteville,AR,36.05822499999999,-94.213575
Jacksonville,AR,34.835449999999994,-92.2672
jonesboro,AR,35.812875,-90.70482500000001
Highfill,AR,36.2613983,-94.3574694
Pell City,AL,33.592600000000004,-86.3399
Hot Springs,AR,34.560425,-93.04385000000002
Maumelle,AR,34.8491,-92.4059
Greenland,AR,35.9282,-94.1529
Malvern,AR,34.3557,-92.8292
Hope,AR,33.88883333333333,-93.6855
England,AR,34.5575,-91.9484
Conway,AR,35.094275,-92.400425
Mayflower,AR,34.9669,-92.4001
Bryant,AR,34.6209,-92.57585
SILOAM SPRINGS,AR,36.18,-94.528
Russellville,AR,35.332175,-93.09259999999999
Rogers,AR,36.34173333333334,-94.12830000000001
Van Buren,AR,35.474199999999996,-94.3232
Bisbee,AZ,31.4086,-109.9117
Monette,AR,35.9002,-90.3437
Casa Grande,AZ,32.864875000000005,-111.72070000000001
Cave Creek,AZ,33.580799999999996,-112.06105
Cottonwood,AZ,34.7055,-112.0091
Eloy,AZ,32.7509,-111.5833
Farmington,AR,36.0436,-94.2539
Chino Valley,AZ,34.7757,-112.4731
Douglas,AZ,31.548766666666666,-109.63166666666666
Little Rock,AR,34.76839210526316,-92.33521842105264
Benson,AZ,31.9883,-110.2941
Humboldt,AZ,34.5189,-112.2523
Lakeside,AZ,34.1662,-109.9869
Litchfield Park,AZ,33.5098,-112.4135
Paradise Valley,AZ,33.5494,-111.9565
Lake Havasu City,AZ,34.76675,-114.11167499999999
Bullhead City,AZ,35.13015,-114.574
Hayden,AZ,33.29025,-110.8212
Nogales,AZ,31.480333333333334,-110.92070000000001
El Mirage,AZ,33.6082,-112.3241
Sahuarita,AZ,31.9452,-111.0002
Patagonia,AZ,31.5353,-110.6968
Mountain Home,AR,36.2838,-92.37395000000001
Wickenburg,AZ,33.585449999999994,-112.52375
San Luis,AZ,32.5401,-114.755
Avondale,AZ,33.454899999999995,-112.32655
Huachuca City,AZ,31.6639,-110.3334
Alhambra,CA,33.871271428571426,-118.25231428571429
Miami,AZ,33.4319,-110.8812
Chandler,AZ,33.28035555555556,-111.87044444444444
Avalon,CA,33.332,-118.3437
Avenal,CA,35.9877,-120.1227
Atherton,CA,37.4563,-122.2002
Holbrook,AZ,34.9085,-110.1434
Antioch,CA,37.97985,-121.79235
Banning,CA,33.9282,-116.8899
Beaumont,CA,33.9504,-116.9701
Pine Bluff,AR,34.204525000000004,-92.014275
Beverly Hills,CA,33.95808,-118.35727999999999
Surprise,AZ,33.56698,-112.35618
Scottsdale,AZ,33.52709333333333,-111.94547333333335
Brea,CA,33.915083333333335,-117.8737
Calimesa,CA,33.9946,-117.043
Mesa,AZ,33.47370999999999,-111.78591000000002
Campbell,CA,37.287166666666664,-121.95326666666666
Adelanto,CA,34.5841,-117.4242
Tombstone,AZ,31.7216,-110.0584
Brisbane,CA,37.6811,-122.4001
Ceres,CA,37.5833,-120.9496
CAPITOLA,CA,36.9767,-121.9555
City of Mill Valley,CA,37.981899999999996,-122.63745
Colton,CA,34.0315,-117.2874
Clayton,CA,37.9154,-121.91
COTATI,CA,38.394499999999994,-122.8474
Cudahy,CA,33.9620584,-118.1835395
Alameda,CA,37.75285,-122.25395
Oro Valley,AZ,32.4738,-110.9553
Big Bear Lake,CA,34.235,-116.9053
Prescott Valley,AZ,34.658566666666665,-112.29936666666667
Colfax,CA,39.0783,-120.9549
El Monte,CA,33.95569999999999,-118.13876
Arcadia,CA,33.957474999999995,-118.168825
Escondido,CA,33.078514285714284,-116.98151428571428
El Cerrito,CA,37.9156,-122.2985
Maricopa,AZ,32.98245,-111.99289999999999
Fillmore,CA,34.212900000000005,-118.9993
Glendale,AZ,33.490330769230766,-112.19717692307694
Fountain Valley,CA,33.7121,-117.93934999999999
Carson,CA,34.60505,-118.63765000000001
Eureka,CA,40.783166666666666,-124.16343333333334
Costa Mesa,CA,33.65616666666667,-117.9133
Chico,CA,39.75796666666667,-121.85621666666668
Greenfield,CA,36.3202,-121.2451
Half Moon Bay,CA,37.4791,-122.4459
Hanford,CA,36.20306666666667,-119.81283333333333
Albany,CA,37.89,-122.2954
Healdsburg,CA,38.6184,-122.862
Fort Bragg,CA,39.4402,-123.7703
Hemet,CA,33.74334999999999,-116.74199999999999
Hesperia,CA,34.56203333333334,-116.89236666666666
Tucson,AZ,32.14763333333333,-111.18054074074072
Carpinteria,CA,34.3332,-119.68345
Huntington Park,CA,33.9769,-118.2161
Irwindale,CA,34.1069927,-117.934214
Imperial Beach,CA,32.7976,-116.9804
Kingsburg,CA,36.508,-119.5433
Covina,CA,34.0313,-117.95391428571429
Jurupa Valley,CA,33.9798472,-117.4515754
La Habra,CA,33.927299999999995,-117.94976666666666
Kerman,CA,36.7306,-120.0724
La Mesa,CA,32.894425,-116.9306
Phoenix,AZ,33.41550874999998,-112.12909000000009
LA VERNE,CA,34.1159,-117.7708
Lynwood,CA,33.9241,-118.2013
Los Gatos,CA,37.19565,-121.97200000000001
Marana,AZ,32.4176,-111.20975
Irvine,CA,33.675578260869564,-117.79031739130436
Los Altos,CA,37.3085,-121.97243333333334
Brawley,CA,32.9792,-115.5296
Hidden Hills,CA,34.1696,-118.6077
Gonzales,CA,36.49,-121.4103
La Palma,CA,33.8491,-118.0398
Mill Valley,CA,37.981899999999996,-122.63745
Moorpark,CA,34.1554,-119.00569999999999
Huntington Beach,CA,33.69223333333334,-118.00084999999997
Morro Bay,CA,35.363299999999995,-120.65
Huron,CA,36.2371,-120.102
Nevada City,CA,39.3017,-120.9717
Mountain House,CA,37.7832614,-121.542726
American Canyon,CA,38.1668,-122.2553
Murrieta,CA,33.62833333333334,-116.8359
Orinda,CA,37.8787,-122.1728
Cupertino,CA,37.320499999999996,-122.0488
Lake Forest,CA,33.6437,-117.6868
Laguna Hills,CA,33.6036,-117.70843333333333
Palmdale,CA,34.2936,-118.12591666666667
Oroville,CA,39.546549999999996,-121.52245
Menlo Park,CA,37.400600000000004,-122.28533333333333
Oakley,CA,37.994,-121.7036
Claremont,CA,34.1092,-117.7183
Patterson,CA,37.4826,-121.1648
Pleasant Hill,CA,37.954,-122.0737
Rancho Palos Verdes,CA,33.7515,-118.367
Ridgecrest,CA,35.41745,-118.3496
Rialto,CA,34.13465,-117.39065
Monterey,CA,35.5837875,-120.38825000000001
Emeryville,CA,37.75835,-122.10095
Redding,CA,40.6302,-122.35958000000001
San Bernardino,CA,34.511690476190495,-116.57125714285715
San Anselmo,CA,38.0263,-122.65605
Moreno Valley,CA,33.81684285714286,-116.70272857142858
Pacific Grove,CA,36.6167,-121.922
Palo Alto,CA,37.343711111111105,-122.04284444444443
Norwalk,CA,33.81635,-118.244475
Pinole,CA,37.9969,-122.2875
San Pablo,CA,37.9724,-122.3369
San Clemente,CA,33.44616666666667,-117.62723333333334
Mission Viejo,CA,33.61296666666667,-117.6495
Grand Terrace,CA,34.031,-117.3129
Culver City,CA,33.896225,-118.34845
San Leandro,CA,37.704033333333335,-122.14446666666667
Lincoln,CA,35.95555,-119.0684
Redlands,CA,34.3149,-116.77156666666667
Madera,CA,37.347366666666666,-120.86588333333333
Santa Fe Springs,CA,33.8665,-118.19125
Newport Beach,CA,33.62093333333333,-117.89705
Long Beach,CA,33.79186551724138,-118.20945862068962
Scotts Valley,CA,37.0554,-122.0144
Rancho Mirage,CA,33.7643,-116.4225
Redondo beach,CA,33.8507,-118.37735
Shafter,CA,35.497,-119.2801
Santa Barbara,CA,34.351264705882336,-119.79480588235296
Glendora,CA,34.1412,-117.84944999999999
Shasta Lake,CA,40.68046666666667,-122.3768
La Mirada,CA,33.866366666666664,-118.109
South Lake Tahoe,CA,38.907688888888885,-119.99648888888889
Temple City,CA,34.1016,-118.0537
St Helena,CA,38.5052288,-122.470042
Temecula,CA,33.60322,-116.70360000000001
Tiburon,CA,37.8843,-122.4637
Susanville,CA,40.422200000000004,-120.65525
Town of Truckee,CA,39.32753333333333,-120.33356666666668
San Diego,CA,32.892143373494,-116.99998554216849
West,CA,35.661477272727275,-119.35832727272727
Watsonville,CA,36.920500000000004,-121.76509999999999
Visalia,CA,36.28506666666667,-119.17778333333335
Rosemead,CA,33.87966666666667,-118.22756666666668
Wildomar,CA,33.6021,-117.264
San Dimas,CA,34.1023,-117.8169
Ontario,CA,34.369260000000004,-116.96896
Lakewood,CA,33.835359999999994,-118.15329999999999
Aspen,CO,39.20925,-106.8532
Montebello,CA,34.0133,-118.113
San Marino,CA,33.953649999999996,-118.20519999999999
Woodside,CA,37.4280637,-122.2507435
Yreka,CA,41.7206,-122.6376
Ault,CO,40.5938,-104.7356
Arvada,CO,39.74097142857142,-105.1445
Richmond,CA,37.8566125,-122.1485625
Pleasanton,CA,37.67655,-121.88560000000001
Santa Clarita,CA,34.05236,-118.38458
Durango,CO,37.2534,-107.89616666666666
Thousand Oaks,CA,34.14546666666667,-118.9438
Canon City,CO,38.466766666666665,-105.39033333333333
Brighton,CO,39.9527,-104.82280000000002
Santee,CA,32.93275,-116.9161
Firestone,CO,40.1225,-104.9358
Stockton,CA,37.97708000000001,-121.30435999999997
Upland,CA,34.12326666666667,-117.65823333333333
Frederick,CO,40.0978,-104.9293
Fort Lupton,CO,40.108,-104.8013
Soledad,CA,36.4196,-121.3243
Johnstown,CO,40.3355,-104.9236
Sacramento,CA,38.46570272727275,-121.4508936363637
Hudson,CO,40.0606,-104.6532
Boulder,CO,40.062287500000004,-105.33761249999996
Lafayette,CO,39.998,-105.0963
Yuba City,CA,39.083933333333334,-121.63096666666667
Milliken,CO,40.3107,-104.8761
Oakland,CA,37.760596875000005,-122.139834375
Castle Pines,CO,39.4702853,-104.8804384
Snowmass Village,CO,39.2212,-106.932
Telluride,CO,37.94,-107.8214
San Jacinto,CA,33.7793,-116.65663333333333
Wellington,CO,40.7255,-105.0318
Westminster,CO,39.830375,-104.721825
Parker,CO,39.499849999999995,-104.78315
Sierra Madre,CA,33.97585,-118.1753
Bloomfield,CT,41.8316,-72.7249
Brooklyn,CT,41.7807,-71.9541
Windsor,CO,40.4739,-104.89224999999999
Burlington,CT,41.7573,-72.9444
CROMWELL,CT,41.6105,-72.6663
Collinsville,CT,41.8513,-72.9283
Coventry,CT,41.7822,-72.3332
Danbury,CT,41.34188333333333,-73.39659999999999
Darien,CT,41.0768,-73.4853
Longmont,CO,40.13805000000001,-105.146825
East Haven,CT,41.2805,-72.8741
Enfield,CT,41.8904,-72.642
Bolton,CT,41.7689,-72.4396
Centennial,CO,39.579155,-104.8769227
Granby,CT,41.967475,-72.81205
Derby,CT,41.3229,-73.08
Alamosa,CO,37.473150000000004,-105.8802
Avon,CT,41.7905,-72.8653
Greenwich,CT,41.15016,-73.51606
Harwinton,CT,41.7701,-73.0728
Santa Cruz,CA,37.0084,-122.05356666666667
Colchester,CT,41.5662,-72.3441
Hebron,CT,41.6842,-72.3986
Groton,CT,41.37845,-72.07415
Lisbon,CT,41.6047618,-72.0182274
Middletown,CT,41.5567,-72.6617
Mansfield,CT,41.7942,-72.2516
Greeley,CO,40.42893333333333,-104.58821666666667
San Marcos,CA,33.074374999999996,-117.011675
Monroe,CT,41.3312,-73.2243
South San Francisco,CA,37.4732,-122.36436666666668
Bethel,CT,41.3813,-73.4008
Broad Brook,CT,41.9042,-72.5444
Newington,CT,41.7389,-72.7242
Danielson,CT,41.7982,-71.8807
Golden,CO,39.649425,-105.23045
Orange,CT,41.2815,-73.0287
Old Lyme,CT,41.3347,-72.3086
North Branford,CT,41.3323,-72.7809
Norwalk,CT,41.17991818181818,-73.40020909090909
Evans,CO,40.3803,-104.6971
Rocky Hill,CT,41.6583,-72.6632
Norwich,CT,41.5371,-72.0849
Sharon,CT,41.8714,-73.4578
Sterling,CT,41.7156,-71.8196
Essex,CT,41.3549,-72.3965
Simsbury,CT,41.872749999999996,-72.83949999999999
East Hampton,CT,41.5761,-72.5093
Bridgeport,CT,41.23084545454545,-73.25322727272727
Fairfield,CT,41.227314285714286,-73.28352857142856
New Britain,CT,41.66955,-72.785075
Rocky Ford,CO,38.049,-103.7251
Trumbull,CT,41.2564,-73.2111
Torrington,CT,41.784,-73.0869
Wethersfield,CT,41.74655,-72.69755
Pierce,CO,40.6359,-104.7638
Marlborough,CT,41.6412,-72.4609
New London,CT,41.3507,-72.1062
Willimantic,CT,41.7149,-72.2134
Berlin,CT,41.6128,-72.719
Newark,DE,39.60427272727273,-75.6444818181818
Windsor,CT,41.8775,-72.63458333333334
Wilmington,DE,39.644148148148126,-75.58706296296295
Wiggins,CO,40.1598,-104.0468
Manchester,CT,41.7902,-72.5843
Apopka,FL,28.637900000000002,-81.42106666666666
Walnut,CA,36.4311625,-120.52738749999999
Ridgefield,CT,41.3033,-73.4305
Bay Harbor Islands,FL,25.8875948,-80.1311564
Atlantis,FL,26.5909025,-80.1008762
Aventura,FL,25.9564812,-80.1392121
Dewey Beach,DE,38.691184,-75.0752724
Oxford,CT,41.4202,-73.1296
West Hartford,CT,41.7620447,-72.7420399
Terryville,CT,41.6762,-73.0092
Clewiston,FL,26.7172,-80.9492
cocoa,FL,28.36974285714286,-80.73497142857141
Shelton,CT,41.3047,-73.1294
DeLand,FL,29.023400000000002,-81.30687499999999
Daytona Beach,FL,29.090518749999994,-81.10321875
Thornton,CO,39.8695516,-104.985181
Deltona,FL,28.9634,-81.195975
Davie,FL,26.0628665,-80.2331038
Deerfield Beach,FL,26.2559,-80.22956666666666
Dania Beach,FL,26.0524224,-80.143929
Stafford SPGS,CT,41.9538545,-72.30314
Wallingford,CT,41.394974999999995,-72.889175
Voluntown,CT,41.5831,-71.855
Litchfield,CT,41.7541,-73.2
Waterbury,CT,41.43713749999999,-72.96771875
Morris,CT,41.6881,-73.1765
Fort Myers Beach,FL,26.564500000000002,-82.0099
Ellington,CT,41.9114,-72.4626
Florida City,FL,25.4480101,-80.479102
Groveland,FL,28.5644,-81.8745
Bradenton,FL,27.447337499999996,-82.50082499999998
Haines City,FL,28.0392,-81.60575
Callahan,FL,30.552,-81.8145
Meriden,CT,41.479733333333336,-72.84870000000001
indian harbour beach,FL,28.1489365,-80.5868802
Goshen,CT,41.8335,-73.2429
Cape Canaveral,FL,28.3903,-80.6043
Arcadia,FL,27.159025,-81.883425
Homestead,FL,25.487844444444445,-80.4687888888889
inverness,FL,28.821824999999997,-82.3274
Bal Harbour,FL,25.8917613,-80.1269896
Bristol,FL,30.4223,-84.9466
DOVER,DE,39.1361,-75.50001666666667
Lauderdale By The Sea,FL,26.192028,-80.0964326
Clermont,FL,28.642380000000003,-81.71527999999999
Superior,CO,39.9527634,-105.1685977
Lake Wales,FL,27.880633333333336,-81.5929
Suffield,CT,41.98336666666667,-72.669
THOMASTON,CT,41.6786,-73.0886
Miami Gardens,FL,25.9420377,-80.2456045
Loxahatchee Groves,FL,26.6831222,-80.2593689
Maitland,FL,28.5959,-81.3127
Dade City,FL,28.35553333333333,-82.23696666666666
Lighthouse Point,FL,26.275636,-80.0872654
Fort Collins,CO,40.558755555555564,-105.18838888888891
Niceville,FL,30.5785,-86.50450000000001
Lewes,DE,38.7381,-75.1747
North Miami,FL,25.9449,-80.1391
Oakland Park,FL,26.1723065,-80.1319893
Oakland,FL,28.5547,-81.6322
Mount Dora,FL,28.79255,-81.64875
Freeport,FL,30.4896,-86.1684
Opalocka,FL,25.8977778,-80.2336111
Mexico Beach,FL,29.9395,-85.4096
Palatka,FL,29.654300000000003,-81.63866666666667
Panama City,FL,30.21148461538462,-85.71443846153845
Palm Beach Gardens,FL,26.8233946,-80.1386547
Orlando,FL,28.520904687499982,-81.2937125
Pembroke Park,FL,25.9878691,-80.1747687
hallandale beach,FL,25.9812025,-80.148379
Miami Shores,FL,25.8631515,-80.1928253
Pinellas Park,FL,27.857033333333334,-82.71263333333334
Panama City Beach,FL,30.2556,-85.8621
Royal Palm Beach,FL,26.7050822,-80.2279519
Indian Creek,FL,25.8771392,-80.1372166
Leesburg,FL,28.829725,-81.743925
Palm Coast,FL,29.493699999999997,-81.247275
Stuart,FL,27.176225000000002,-80.23115
Tavares,FL,28.801,-81.734
Temple Terrace,FL,28.0352964,-82.3892596
West Melbourne,FL,28.0736261,-80.6718389
Wellington,FL,26.6549551,-80.2375279
Winter Garden,FL,28.550066666666666,-81.4859
CORAL SPRINGS,FL,26.271192,-80.2706044
Fort Meade,FL,27.7464,-81.7823
Madeira Beach,FL,27.7980814,-82.7973247
Wilton Manors,FL,26.1603626,-80.138934
EAGLE LAKE,FL,27.9787,-81.7564
Miami,FL,25.703409523809498,-80.3335409523809
Sanford,FL,28.790966666666666,-81.2724
Lake Worth Beach,FL,26.6159698,-80.0569927
Miami Lakes,FL,25.9087056,-80.3086619
Cartersville,GA,34.19745,-84.79385
Adel,GA,31.1251,-83.4213
Brookhaven,GA,33.8584368,-84.340203
Tampa,FL,27.93314032258067,-82.45938709677414
College Park,GA,33.6534427,-84.4493725
Dacula,GA,33.987750000000005,-83.8826
Tamarac,FL,26.2128609,-80.2497707
Alpharetta,GA,34.0446,-84.29672500000001
Dalton,GA,34.776025000000004,-84.965625
Dallas,GA,33.910399999999996,-84.84495
Douglas,GA,32.766128571428574,-83.93421428571428
North Port,FL,27.066466666666667,-82.19269999999999
Jacksonville,FL,30.307491379310353,-81.63721551724146
Austell,GA,33.81003333333333,-84.61120000000001
Gainesville,GA,34.307766666666666,-83.85901666666666
Fayetteville,GA,33.4311,-84.4772
eustis,FL,28.873566666666665,-81.6255
Jesup,GA,31.57315,-81.8631
Americus,GA,32.0583,-84.23143333333333
Hahira,GA,30.9416,-83.3574
Interlachen,FL,29.6045,-81.81715
Satellite Beach,FL,28.178,-80.602
Clearwater,FL,27.952125925925927,-82.7485259259259
Jefferson,GA,33.42365,-83.47835
Lithonia,GA,33.70895,-84.13095
Columbus,GA,32.491474999999994,-84.91918749999999
Marietta,GA,33.943335714285716,-84.53299285714286
Fort Lauderdale,FL,26.13277500000001,-80.28294791666666
Sunny Isles Beach,FL,25.9426915,-80.1218486
Mableton,GA,33.82425,-84.58245
Johns Creek,GA,34.0181557,-84.190196
Newnan,GA,33.37424,-84.7913
Clarkston,GA,33.8101,-84.2388
Peachtree Corners,GA,33.9701009,-84.2215869
Commerce,GA,34.170766666666665,-83.47919999999999
Richmond Hill,GA,31.8962,-81.294
Rome,GA,34.298300000000005,-85.21016
Riverdale,GA,33.5599,-84.41835
Dahlonega,GA,34.528800000000004,-83.98035
Oliver,GA,32.5281,-81.5332
Hiram,GA,33.8673,-84.7699
Rockmart,GA,33.9979,-85.0594
Sarasota,FL,27.30115294117647,-82.48183529411763
Savannah,GA,32.008036363636364,-81.0933909090909
Eastman,GA,32.2084,-83.186
Perry,GA,32.4605,-83.7283
Tifton,GA,31.462899999999998,-83.5436
Braselton,GA,34.1389,-83.7812
LaGrange,GA,33.03163333333333,-85.02686666666666
East Point,GA,33.6795531,-84.4393724
Albany,GA,31.560211111111112,-84.1716888888889
Waycross,GA,31.1455,-82.38423333333333
Ankeny,IA,41.704433333333334,-93.589
Vidalia,GA,32.18545,-82.3903
Loganville,GA,33.85405,-83.8985
Clinton,IA,41.86432500000001,-90.358825
Algona,IA,43.066,-94.2306
Tucker,GA,33.87415,-84.14529999999999
Grimes,IA,41.7018,-93.7821
Fort Dodge,IA,42.5088,-94.1807
Indianola,IA,41.3143,-93.588
Independence,IA,42.4674,-91.8803
Quitman,GA,30.7797,-83.5567
VILLA RICA,GA,33.7173,-84.9297
Knoxville,IA,41.328466666666664,-93.09793333333333
St. Marys,GA,30.7203759,-81.5485714
LeClaire,IA,41.5986442,-90.3434618
Muscatine,IA,41.4304,-91.0509
Marshalltown,IA,42.0405,-92.9127
Statesboro,GA,32.438950000000006,-81.76245
Tyrone,GA,33.4719,-84.5914
Winterset,IA,41.3391,-94.0088
Des Moines,IA,41.65006349206353,-93.59132063492055
Lake Mills,IA,43.4167,-93.5336
West Burlington,IA,40.8321,-91.1799
Mason City,IA,43.115750000000006,-93.22815
Lyons,GA,32.1711,-82.3078
Waukee,IA,41.593,-93.8592
Idaho Falls,ID,43.4373,-111.83228571428572
Ketchum,ID,43.6692,-114.4858
Post Falls,ID,47.699650000000005,-116.809
Pocatello,ID,42.7925,-112.39788333333333
Post FAlls,ID,47.699650000000005,-116.809
Pooler,GA,32.1149,-81.252
Ringgold,GA,34.9205,-85.1549
Bellevue,ID,43.4397,-114.2498
Wadley,GA,32.8747,-82.4025
Garden City,GA,32.1143715,-81.1540013
Aledo,IL,41.79215,-89.83005
Tallulah Falls,GA,34.742,-83.3977
Bensenville,IL,41.8949,-88.01685
Council Bluffs,IA,41.27563333333334,-95.76246666666667
Van Meter,IA,41.4699,-93.9207
Snellville,GA,33.84393333333333,-84.01726666666667
Rigby,ID,43.6715,-111.9005
Burbank,IL,41.7447,-87.7699
Tallapoosa,GA,33.7602,-85.3
Carpentersville,IL,42.123,-88.2606
Alton,IL,39.123200000000004,-89.55298333333333
Columbia,IL,38.4325,-90.2027
Victor,ID,43.6148,-111.1259
Champaign,IL,40.12381666666666,-88.25973333333333
Decatur,IL,39.84924285714285,-88.96695714285714
Glen Carbon,IL,38.7609,-89.9706
Bridgeview,IL,41.7431,-87.8066
Union City,GA,33.5832,-84.5499
Elgin,IL,42.0351,-88.31168333333333
Brookfield,IL,41.8217,-87.8492
Chicago,IL,41.86220700000003,-87.69547899999992
Burr Ridge,IL,41.7502971,-87.9161818
La Grange,IL,41.808,-87.87145
Grayville,IL,38.2627,-88.0035
Lake Zurich,IL,42.2165,-88.0769
Harvey,IL,41.6103,-87.6534
Normal,IL,40.51135,-88.99315
Mackinaw,IL,40.5396,-89.3458
Priest River,ID,48.1664,-116.9066
Roberts,ID,43.7116,-112.1196
River Grove,IL,42.06075,-88.0296
Oregon,IL,42.0095,-89.3444
Maywood,IL,41.8793,-87.8433
Rockford,IL,42.288642857142854,-89.09512857142856
Round Lake,IL,42.3668,-88.0888
Glencoe,IL,42.1333,-87.7615
Skokie,IL,42.03535,-87.74345
Sterling,IL,40.8929,-90.2234
Indian Head Park,IL,41.7723527,-87.9012671
Villa Park,IL,41.8799,-87.9782
Oak Lawn,IL,41.7631,-87.71945
Mascoutah,IL,38.45725,-89.88560000000001
Wheeling,IL,42.134,-87.9341
Wilmette,IL,42.0765,-87.7246
Westchester,IL,41.8524,-87.8845
Woodstock,IL,42.3198,-88.4477
Waukegan,IL,42.35863333333333,-87.77686666666666
Avon,IN,39.7629,-86.3996
Bluffton,IN,40.7368,-85.1622
Quincy,IL,39.956466666666664,-91.29716666666667
Madison,IN,38.7649,-85.407
Portage,IN,41.5672,-87.1757
WESTFIELD,IN,40.0489,-86.1499
Andover,KS,37.6985,-97.1179
Zionsville,IN,39.9561,-86.2767
BAXTER SPRINGS,KS,37.0281,-94.7393
Bel Aire,KS,37.7625125,-97.266988
South Bend,IN,41.65893000000001,-86.26249500000003
El Dorado,KS,37.8226,-96.8543
Derby,KS,37.553,-97.2549
Arkansas City,KS,37.0676,-97.0357
Colby,KS,39.383,-101.0442
Eudora,KS,38.933,-95.1022
Goddard,KS,37.6575,-97.5364
Emporia,KS,38.4184,-96.1871
Independence,KS,37.2292,-95.7165
Gardner,KS,38.8075,-94.9157
Louisburg,KS,38.6073,-94.6829
Great Bend,KS,38.3936,-98.7751
Virgil,IL,41.9087,-88.5992
Junction City,KS,39.0299,-96.8396
Kechi,KS,37.7934,-97.2737
Mission Hills,KS,39.0177834,-94.6169014
Pendleton,IN,39.9792,-85.7946
Manhattan,KS,39.235125000000004,-96.61965000000001
Inman,KS,38.2232,-97.7951
Woodridge,IL,41.7518,-88.0488
Mulvane,KS,37.4764,-97.232
Prairie Village,KS,38.9914109,-94.6332768
Ottawa,KS,38.6142,-95.2745
Spring Hill,KS,38.7631,-94.8246
Huntingburg,IN,38.2979,-86.9533
Salina,KS,38.803650000000005,-97.64625000000001
City of Crestview Hills,KY,39.0258364,-84.5743117
Wichita,KS,37.68215128205129,-97.35833076923073
Hutchinson,KS,38.038000000000004,-97.96345
Lawrence,KS,38.96718,-95.25106000000001
Henderson,KY,37.8173,-87.58115000000001
Georgetown,KY,38.2117,-84.5562
Edgewood,KY,39.0186719,-84.581888
Overland Park,KS,38.9742502,-94.6851702
Louisville,KY,38.19278059701492,-85.70635074626874
Newport,KY,39.002525,-84.41432499999999
Hopkinsville,KY,36.8801,-87.49080000000001
Topeka,KS,39.040784999999985,-95.73839749999993
Baldwin City,KS,38.7953,-95.2276
Valley Center,KS,37.8616,-97.2621
Hesston,KS,38.136,-97.4495
Crestview Hills,KY,39.0272829,-84.5849438
Covington,KY,39.02234,-84.52459999999999
Ferguson,KY,37.0677,-84.5927
Erlanger,KY,39.0082,-84.5977
Alexandria,KY,38.9406,-84.3943
Baton Rouge,LA,30.47909767441862,-91.10438837209296
Maize,KS,37.7747,-97.4689
Leesville,LA,31.104366666666664,-93.21773333333334
Pikeville,KY,37.498850000000004,-82.5339
Mayfield,KY,36.7327,-88.6506
Lakeside Park,KY,39.0356162,-84.5691102
Shreveport,LA,32.55306571428574,-93.75993714285707
Paducah,KY,37.069475,-88.68255
Sulphur,LA,30.038525,-92.454725
Acton,MA,42.4751,-71.4483
New Orleans,LA,29.9948079365079,-89.95692380952377
Franklin,KY,36.7418,-86.576
Amherst,MA,42.378275,-72.53465
Fort Wright,KY,39.0517272,-84.5341096
Ashburnham,MA,42.6306,-71.9281
Andover,MA,42.65153333333333,-71.1162
Assonet,MA,41.7975,-71.0607
Auburn,MA,42.298566666666666,-71.4434
Whitewater,KS,37.9612,-97.1308
Bedford,MA,41.779828571428574,-71.00314285714285
Park Hills,KY,39.0714491,-84.5321652
Belmont,MA,42.42959999999999,-71.3319
Billerica,MA,42.52466666666667,-71.33380000000001
Donaldsonville,LA,30.1018,-90.997
Beverly,MA,42.5608,-70.8759
Boxford,MA,42.65755,-70.94524999999999
Boxborough,MA,42.4884,-71.5178
Bourne,MA,41.7412166,-70.5989196
Byfield,MA,42.7568,-70.9351
Braintree,MA,42.23636666666667,-71.40536666666667
Carlisle,MA,42.5286,-71.3519
Chelmsford,MA,42.612899999999996,-71.3732
Chatham,MA,41.692675,-69.99195
Brookline,MA,42.26744,-71.10484
Clinton,MA,42.4181,-71.6828
Concord,MA,42.4567,-71.3747
Dighton,MA,41.843266666666665,-71.13806666666666
Colrain,MA,42.679,-72.7265
Chicopee,MA,42.17415999999999,-72.58966
Dartmouth,MA,41.652166666666666,-71.01573333333334
Douglas,MA,42.0528,-71.7509
Dracut,MA,42.6764,-71.3186
Dover,MA,42.5922,-71.14037142857144
Cohasset,MA,42.2395,-70.8128
Danvers,MA,42.5694,-70.9425
East Bridgewater,MA,42.0315,-70.945
Easthampton,MA,42.3683,-72.7688
East Longmeadow,MA,42.0672,-72.5056
Fitchburg,MA,42.5796,-71.8031
Eastham,MA,42.01113333333333,-70.91183333333333
Egremont,MA,42.1499,-73.4514
Dudley,MA,42.0489,-71.8932
Erving,MA,42.6076,-72.4292
Gloucester,MA,42.6281,-70.7756
Grafton,MA,42.20203333333334,-71.6944
Franklin,MA,42.0935,-71.4058
Framingham,MA,42.38442,-71.44752000000001
Conway,MA,42.5138,-72.7025
Maysville,KY,38.6207,-83.8067
Gardner,MA,42.4694,-71.94335000000001
Falmouth,MA,41.6413,-70.55174
Great Barrington,MA,42.1959,-73.3606
Hampden,MA,42.0648,-72.4318
Holbrook,MA,42.1464,-71.0083
Boston,MA,42.34425535714287,-71.00775892857146
Harwich,MA,41.681675,-70.069125
Kingston,MA,41.995,-70.741
Halifax,MA,42.0002,-70.8448
Holden,MA,42.342,-71.8414
Ipswich,MA,42.6809,-70.8494
Hopkinton,MA,42.219,-71.5302
Lexington,MA,42.448433333333334,-71.30083333333333
Hingham,MA,42.0975,-70.79625
Leominster,MA,42.5274,-71.7563
Lunenburg,MA,42.5884,-71.7266
Bridgewater,MA,42.005375,-70.97655
Longmeadow,MA,42.096199999999996,-72.55933333333333
Lowell,MA,42.60351999999999,-71.34624
Hubbardston,MA,42.4865,-72.0012
Marion,MA,41.7095,-70.7613
Maynard,MA,42.4321,-71.455
Marlborough,MA,42.3509,-71.5434
Lee,MA,42.13386,-71.86876
Mattapoisett,MA,41.6618,-70.8164
Methuen,MA,42.728,-71.181
Milford,MA,42.1511,-71.5274
Milton,MA,42.4219,-70.975375
Middleton,MA,42.5942,-71.013
Mendon,MA,42.0967,-71.5499
Needham,MA,42.263,-71.1993
Cummington,MA,42.4633,-72.9202
Monson,MA,42.101,-72.3196
Nantucket,MA,41.27515,-70.06960000000001
Lynnfield,MA,42.5327,-71.0339
Middleborough,MA,41.8931576,-70.9111517
Northampton,MA,42.336600000000004,-72.63583333333332
North Attleboro,MA,41.86685,-71.19845000000001
Natick,MA,42.2875,-71.3574
Marblehead,MA,42.4984,-70.8653
North Andover,MA,42.6826,-71.109
Oak Bluffs,MA,41.4174,-70.56
North Reading,MA,42.57675,-71.10215
Lafayette,LA,30.216169230769236,-92.04113846153845
Plainville,MA,42.0124,-71.3275
Brockton,MA,42.02644166666667,-70.86055
Georgetown,MA,42.7281,-70.9822
Medway,MA,42.1514,-71.4217
Pittsfield,MA,42.41296666666667,-73.23469999999999
Plymouth,MA,41.94375,-70.675425
Randolph,MA,42.1736,-71.0514
Rutland,MA,42.3762,-71.949
Rockport,MA,42.658,-70.6194
Greenfield,MA,42.56175,-72.62389999999999
Salem,MA,42.576975,-71.2398
Fairhaven,MA,41.6409,-70.8896
Reading,MA,42.54687499999999,-71.1099
Pelham,MA,42.3924166,-72.4034708
Rockland,MA,42.1293,-70.9133
Mount Washington,MA,42.0995912,-73.45405
Fall River,MA,41.70806,-71.13449999999999
Southborough,MA,42.2939,-71.532
Cambridge,MA,42.39405714285714,-71.20700000000001
Seekonk,MA,41.8378,-71.3224
Spencer,MA,42.2441,-71.9906
Shirley,MA,42.5734,-71.6483
Shelburne,MA,42.6022,-72.7391
Rowe,MA,42.6953,-72.9258
Shrewsbury,MA,42.324799999999996,-71.8087
Stoneham,MA,42.4828,-71.0978
Southwick,MA,42.0511,-72.7706
Sutton,MA,42.1266,-71.7552
Taunton,MA,41.84493333333334,-71.06296666666667
Swampscott,MA,42.4746,-70.9098
Truro,MA,42.0163,-70.07195
Tisbury,MA,41.4212,-70.6428
Tewksbury,MA,42.6028,-71.2232
Blandford,MA,42.1829,-72.9361
Tyngsborough,MA,42.6761451,-71.4227726
Upton,MA,42.1729,-71.61455000000001
Uxbridge,MA,42.2196,-71.76490000000001
Otis,MA,42.1904,-73.0669
Wareham,MA,41.7673,-70.70966666666668
Mill River,MA,42.1228,-73.254
Wellesley,MA,42.301899999999996,-71.28423333333332
Turners Falls,MA,42.58395,-72.51945
Webster,MA,42.0521,-71.8486
Topsfield,MA,42.6415,-70.9488
Wellfleet,MA,41.8647,-70.0477
Wenham,MA,42.6017,-70.8786
Wakefield,MA,42.5009,-71.0685
Weston,MA,42.402649999999994,-71.37975
Whitman,MA,42.0816,-70.9381
Wilbraham,MA,42.1245,-72.4464
Somerville,MA,42.3913,-71.10593333333333
Westford,MA,42.5864,-71.4401
Westborough,MA,42.3325,-71.80380000000001
Wrentham,MA,42.0617,-71.3396
Hyannis,MA,41.643566666666665,-70.30876666666667
Cheverly,MD,38.928167,-76.915807
Brentwood,MD,38.9407,-76.9531
Capitol Heights,MD,38.84481999999999,-76.88066
Provincetown,MA,42.0534,-70.1865
Princeton,MA,42.4078,-71.88655
Watertown,MA,42.421366666666664,-71.36548333333334
Granby,MA,42.2557,-72.52
Bowie,MD,38.9021,-76.80921428571428
Easton,MD,38.76765,-76.128
Sterling,MA,42.4354,-71.7752
Annapolis,MD,39.00635555555556,-76.56503333333336
Groton,MA,42.487899999999996,-71.48415000000001
Forest Heights,MD,38.8152324,-76.9985909
Fairmount Heights,MD,38.9011623,-76.9116989
Marshfield,MA,42.075966666666666,-70.7116
Cottage City,MD,38.9382028,-76.9518293
Haverhill,MA,42.772175000000004,-71.09700000000001
Laurel,MD,38.982142857142854,-76.85692857142855
Townsend,MA,42.66015,-71.7209
Mount Airy,MD,39.3881,-77.1723
North Beach,MD,38.7119,-76.5367
College Park,MD,38.93983333333333,-76.91776666666668
Aberdeen,MD,39.494,-76.15065
Greenbelt,MD,38.888933333333334,-76.8798
Frederick,MD,39.30321428571428,-77.28895714285714
Sykesville,MD,39.4567,-76.9696
Seat Pleasant,MD,38.8879957,-76.8987649
Bladensburg,MD,38.9421,-76.9261
Westminster,MD,39.5856,-77.00505
Foxborough,MA,42.0653768,-71.2478308
Takoma Park,MD,38.9084,-76.9392
Norwell,MA,42.1596,-70.8217
Bangor,ME,45.17205,-68.7196
Worcester,MA,42.29855625000002,-71.83983749999999
Westminster,MA,42.5483,-71.9096
Bar Harbor,ME,44.3738,-68.2448
West Tisbury,MA,41.4212,-70.6428
Havre de Grace,MD,39.5523,-76.1171
Lynn,MA,42.50174285714286,-70.95912857142856
NORFOLK,MA,42.1177,-71.3269
Burkittsville,MD,39.387100000000004,-77.64335
Brunswick,ME,43.8973,-69.9779
Williamstown,MA,42.7089,-73.2036
Rockville,MD,39.109700000000004,-77.16714999999999
Emmitsburg,MD,39.694,-77.3357
Brewer,ME,44.7874,-68.7539
Cumberland,ME,43.7782,-70.2321
Eliot,ME,43.1309,-70.7822
Pittsville,MD,38.3755,-75.4076
Blue Hill,ME,44.5727,-68.45716666666665
Kittery,ME,43.09485,-70.7275
Lewiston,ME,44.16416666666667,-70.22353333333335
Warren,MA,42.203450000000004,-72.2142
Riverdale,MD,38.89685,-76.8962
Carrabassett Valley,ME,45.0782382,-70.2114804
Ogunquit,ME,43.2541,-70.6094
Bucksport,ME,44.6015,-68.7768
Kennebunkport,ME,43.3923,-70.4729
Mapleton,ME,46.6746,-68.1536
Auburn,ME,44.162933333333335,-70.23933333333333
Baltimore,MD,39.30958269230767,-76.61883269230768
Rockland,ME,44.1123,-69.1139
Waterville,ME,44.55175,-69.66550000000001
South Portland,ME,44.019949999999994,-70.3708
Norridgewock,ME,44.6899,-69.8306
Augusta,ME,44.376239999999996,-69.76804
WESTBROOK,ME,44.0462,-70.41435
Standish,ME,43.8142,-70.4807
Wiscasset,ME,44.0074,-69.6826
Bowdoin,ME,44.04715,-69.9422
Chevy Chase,MD,39.061,-77.1448
Battle Creek,MI,42.29601666666667,-85.12518333333334
Thomaston,ME,44.0612,-69.16235
Leonardtown,MD,38.2774,-76.638
Bay City,MI,43.64286666666666,-83.92146666666667
Saco,ME,43.5209,-70.4546
Bloomfield Hills,MI,42.5941,-83.29587500000001
Cutler,ME,44.6753,-67.2499
Berwick,ME,43.2815,-70.78736666666667
Hampden,ME,44.7411,-68.873
Prospect,ME,44.411,-68.0141
Albion,MI,42.2581,-84.7561
Presque Isle,ME,46.6842,-68.0118
Alger,MI,44.1395,-84.1872
Canton,MI,42.311499999999995,-83.46725
Winslow,ME,44.538237,-69.6287139
Winterport,ME,44.6552,-68.8862
Charlevoix,MI,45.2654,-85.2297
Bath,ME,43.9062,-69.8266
Center Line,MI,42.4788,-83.0248
Cape Elizabeth,ME,43.6017,-70.2301
Hermon,ME,44.8100913,-68.9115393
Fairfield,ME,45.7043,-68.7602
Dearborn Heights,MI,42.30605,-83.2735
Gardiner,ME,44.19515,-69.7815
DeWitt,MI,42.8428,-84.5797
Brownstown,MI,42.1529228,-83.2753247
Fremont,MI,43.50975,-85.88175
"Fraser, MI 48026",MI,42.539202,-82.9493652
Wilton,ME,44.604299999999995,-70.23904999999999
Dearborn,MI,42.293275,-83.2141125
Dexter,MI,42.3583,-83.9
Grand Blanc,MI,42.9231,-83.6217
Grand Rapids,MI,42.98573571428572,-85.60128928571423
Almont,MI,42.926,-83.0362
Big Rapids,MI,43.6897,-85.4797
Boyne City,MI,45.2052,-85.0183
Cottrellville Twp.,MI,42.6907045,-82.5540529
Holt,MI,43.04045,-85.33755
Inkster,MI,42.294,-83.3146
Cassopolis,MI,41.8968,-85.9923
Blissfield,MI,41.8276,-83.8773
Kingsford,MI,45.8006,-88.0773
Lenox,MI,42.7643581,-82.7966717
Madison Heights,MI,42.5016,-83.1027
Macomb,MI,42.65885,-82.9074
Honor,MI,44.6954,-86.0376
Frankenmuth,MI,43.338,-83.74844999999999
Fowlerville,MI,42.6614,-84.0721
Lansing,MI,42.68018333333335,-84.51582333333336
Midland,MI,43.622628571428585,-84.29745714285714
Germfask,MI,46.2363,-85.9159
Monroe,MI,41.91865,-83.45835
Grand Haven,MI,43.0378,-86.1912
Northville,MI,42.4174,-83.48859999999999
Marquette,MI,46.5786,-87.4545
Hillsdale,MI,41.924,-84.6208
Milan,MI,42.0914,-83.6776
Mount Clemens,MI,42.63505,-82.89269999999999
Harrison Township,MI,42.5877,-82.8215
Leonard,MI,42.8437,-83.1406
Portage,MI,42.187666666666665,-85.60036666666667
Muskegon,MI,43.23858333333334,-86.27638333333334
Plymouth,MI,42.3688,-83.4799
Royal Oak,MI,42.55656666666667,-83.22663333333333
Roseville,MI,42.5034,-82.9387
Oscoda,MI,44.44415,-83.36095
Mancelona,MI,44.9116,-85.0634
Leonidas,MI,42.0294,-85.3497
Milford,MI,42.588899999999995,-83.6216
Sterling Heights,MI,42.601839999999996,-83.00207999999999
Marine City,MI,42.6859,-82.5499
Sturgis,MI,41.8089,-85.4264
Swartz Creek,MI,42.9468,-83.817
New Boston,MI,42.1449,-83.3589
Romeo,MI,42.84,-83.0388
Waterford,MI,42.65813333333333,-83.38336666666667
Andover,MN,45.2377,-93.2724
Anoka,MN,45.2825,-93.4186
Wyandotte,MI,42.2084,-83.1616
Apple Valley,MN,44.7319094,-93.21772
Troy,MI,42.484314285714284,-83.65895714285715
Prudenville,MI,44.2974,-84.6627
Brainerd,MN,46.3502,-94.1
Blaine,MN,45.1607987,-93.2349489
Rochester,MI,42.67165,-83.14855
Van Buren Township,MI,42.2207982,-83.4841464
Wyoming,MI,42.8977,-85.7186
Saline,MI,42.1698,-83.7849
Champlin,MN,45.17,-93.3819
Burnsville,MN,44.7458,-93.28370000000001
Chaska,MN,44.8061,-93.6083
Ruth,MI,43.7404,-82.7414
Bloomington,MN,44.8322405,-93.3204872
Cottage Grove,MN,44.8308,-92.9393
Delano,MN,45.0342,-93.8016
Wallace,MI,45.3017,-87.5805
Traverse City,MI,44.777825,-85.5793
Warren,MI,42.520399999999995,-83.00632857142857
Elk River,MN,45.3136,-93.5814
East Grand Forks,MN,47.9318,-97.0213
Excelsior,MN,44.9007,-93.5791
Ypsilanti,MI,42.2382,-83.6083
Duluth,MN,46.98594285714285,-92.19112142857144
Faribault,MN,44.2945,-93.2818
TAWAS CITY,MI,44.266999999999996,-83.53205
Farmington,MN,44.6628,-93.1539
Columbia Heights,MN,45.0460458,-93.2517802
Arlington,MN,44.6153,-94.0762
Golden Valley,MN,44.9861176,-93.3784618
Aurora,MN,47.4951,-92.2415
Corcoran,MN,45.0951069,-93.5475651
Hibbing,MN,47.528,-92.6892
Hopkins,MN,44.933400000000006,-93.44265
Hinckley,MN,46.0189,-92.8993
Inver Grove Heights,MN,44.82855,-93.06655
Lakeville,MN,44.6749,-93.2578
Lino Lakes,MN,45.1602442,-93.0888324
Lake Elmo,MN,44.9946,-92.9056
Maple Grove,MN,45.0984983,-93.4419222
Maplewood,MN,45.0082216,-93.0456985
MAHTOMEDI,MN,45.0696886,-92.9516037
Mendota Heights,MN,44.8835768,-93.1382749
Monticello,MN,45.14418125000001,-93.86704374999998
Moose Lake,MN,46.4472,-92.7466
New Ulm,MN,44.3044,-94.4644
Northfield,MN,44.4587,-93.1668
Crystal,MN,44.56805,-93.84515
Oakdale,MN,44.985624,-92.9645794
North Branch,MN,45.5165,-92.9371
Orono,MN,44.1489,-92.485
Otsego,MN,45.2812733,-93.614857
NISSWA,MN,46.4929,-94.2976
Red Wing,MN,44.5528,-92.5486
New Richland,MN,43.8937,-93.4995
Rosemount,MN,44.7378,-93.0685
Richfield,MN,44.8766431,-93.2877877
Hastings,MN,44.7129,-92.8637
Rochester,MN,44.0317,-92.46390000000001
South St Paul,MN,44.8906694,-93.0372808
Moorhead,MN,46.88442499999999,-96.56895
Shorewood,MN,44.930272,-93.5448303
Owatonna,MN,44.0805,-93.2191
St. Francis,MN,45.3864283,-93.3597084
St. Anthony,MN,45.6866317,-94.6122301
Thief River Falls,MN,48.0763,-96.149
Waconia,MN,44.851,-93.7784
Watertown,MN,44.9595,-93.8482
Minneapolis,MN,44.98797183098588,-93.3511985915494
West Saint Paul,MN,44.9101545,-93.0802073
Shakopee,MN,44.7793,-93.5197
Branson,MO,36.665,-93.24195
Bridgeton,MO,38.7506,-90.4161
Victoria,MN,44.8582,-93.6561
Festus,MO,38.1879,-90.4286
Fulton,MO,38.8518,-91.9606
Hillsboro,MO,38.2586,-90.5782
Creve Coeur,MO,38.6613007,-90.4423653
Jackson,MO,38.4835,-91.04169999999999
Holts Summit,MO,38.6328,-92.1163
Ironton,MO,37.6168,-90.5985
Liberty,MO,39.28823333333333,-94.4181
Manchester,MO,38.5925305,-90.5107453
Marshfield,MO,37.3312,-92.925
Monett,MO,36.9212,-93.9258
Clinton,MO,38.4018,-93.785
Brookfield,MO,39.7846,-93.0719
Saint Paul,MN,44.96614909090912,-93.09993818181812
Nevada,MO,37.8409,-94.3571
Neosho,MO,36.8706,-94.3862
Pacific,MO,38.4922,-90.748
Mountain View,MO,36.9892,-91.7099
Osage Beach,MO,38.138,-92.6664
Maryville,MO,40.3434,-94.8735
Jefferson City,MO,38.53650909090909,-92.24004545454545
Poplar Bluff,MO,36.73935,-90.4118
Republic,MO,37.123,-93.48
Willmar,MN,45.1393,-95.0523
Plattsburg,MO,39.5705,-94.4338
Hannibal,MO,39.7064,-91.3839
Ladue,MO,38.6497743,-90.3806725
Saint Charles,MO,38.720675,-90.6375
Ash Grove,MO,37.316,-93.5781
Waterville,MN,44.2238,-93.5751
Herculaneum,MO,38.2625,-90.3896
Springfield,MO,37.21338750000001,-93.30241249999999
Lexington,MO,39.1742,-93.8714
Silex,MO,39.1166,-91.037
Houston Lake,MO,39.1925221,-94.6212663
Warrensburg,MO,38.7667,-93.7273
Webster Groves,MO,38.592339,-90.3564329
Milan,MO,40.1844,-93.1361
Rolla,MO,37.9293,-91.78513333333332
Riverside,MO,39.1776,-94.6321
O'Fallon,MO,38.7902503,-90.7033292
St. Louis,MO,38.6254063,-90.190009
Dardenne Prairie,MO,38.7694969,-90.7290157
Saint Louis,MO,38.64507808219178,-90.2980342465752
Glasgow,MO,39.2257,-92.8318
Gautier,MS,30.398,-88.6412
Grain Valley,MO,39.0274,-94.2087
St. Joseph,MO,39.7686055,-94.8466322
Parkville,MO,39.1896268,-94.6826891
Ocean Springs,MS,30.4763,-88.70773333333334
Columbia,MO,38.94167,-92.23896
Billings,MT,45.92219285714285,-108.31914285714288
Belgrade,MT,45.7801,-111.1439
Great Falls,MT,47.47860000000001,-111.28907999999998
Jackson,MS,32.30701176470588,-90.25671470588232
Whitefish,MT,48.404,-114.3509
Archdale,NC,35.914581,-79.9719831
Apex,NC,35.7176,-78.8309
Boone,NC,36.217749999999995,-81.68969999999999
Burlington,NC,36.0637,-79.44239999999999
Burgaw,NC,34.5487,-77.9403
Blowing Rock,NC,36.1355,-81.6996
Gulfport,MS,30.410342857142854,-89.07062857142857
Carolina Beach,NC,34.0366,-77.8963
Asheboro,NC,35.72006666666667,-79.78693333333334
Conover,NC,35.7313,-81.2165
Sunrise Beach,MO,38.1558,-92.7854
Durham,NC,36.02406875,-78.88837500000001
Greenville,NC,35.59102,-77.37686
Asheville,NC,35.60043636363636,-82.54426363636364
Foxfire Village,NC,36.053469,-78.919688
Harrisburg,NC,35.3247,-80.6594
Chapel Hill,NC,35.971940000000004,-79.0712
Kinston,NC,35.272999999999996,-77.62530000000001
Jacksonville,NC,34.73453333333333,-77.4107
High Point,NC,36.00471666666667,-79.99851666666667
Granite Quarry,NC,35.6109,-80.4361
Concord,NC,35.37733333333333,-80.56243333333333
Lumberton,NC,34.63556666666667,-79.0437
East Spencer,NC,35.6805,-80.4354
Mills River,NC,35.3906,-82.568
Morehead City,NC,34.7253,-76.7531
Nags Head,NC,35.8865,-75.6038
Pittsboro,NC,35.7694,-79.1755
Duck,NC,36.1700137,-75.7559261
Pineville,NC,35.0709,-80.8859
Rocky Mount,NC,35.93805999999999,-77.80337999999999
Gastonia,NC,35.259116666666664,-81.1784
Siler City,NC,35.7354,-79.4566
Mooresville,NC,35.5807,-80.84555
Shelby,NC,35.27133333333333,-81.55506666666668
Salisbury,NC,35.65865,-80.482425
Surf City,NC,34.4271121,-77.5460805
Lowell,NC,35.2655,-81.096
Fayetteville,NC,35.04487,-78.90589
Landis,NC,35.5435,-80.6129
Marvin,NC,34.999287,-80.8211737
Wingate,NC,34.9847,-80.4476
Oak Island,NC,33.9161,-78.1255
Bismarck,ND,46.8645857142857,-100.6771
Richfield,NC,35.4541,-80.2838
Mebane,NC,36.0979,-79.2719
Helena,MT,46.750588888888885,-112.07306666666666
Roanoke Rapids,NC,36.4461,-77.6731
Wallace,NC,34.7542,-77.9429
Jamestown,ND,46.9377,-98.8017
Vass,NC,35.2171,-79.2562
Blair,NE,41.54185,-96.172
Southport,NC,33.9654,-78.0359
Wendell,NC,35.798,-78.3926
Fargo,ND,46.906100000000016,-97.07330000000002
Wilmington,NC,34.17766666666666,-77.88579166666666
Hendersonville,NC,35.3299,-82.48875000000001
Kitty Hawk,NC,36.0837,-75.6966
Topsail Beach,NC,34.3651685,-77.6305293
Fremont,NE,41.50475,-96.55595
Thomasville,NC,35.8771,-80.18365
North Platte,NE,41.0895,-100.76075
Youngsville,NC,36.0078,-78.4412
Woodfin,NC,35.633444,-82.5820725
Knightdale,NC,35.7789,-78.4898
Papillion,NE,41.14695,-96.0251
Bedford,NH,42.9403,-71.5213
Winston-Salem,NC,36.0998131,-80.2440518
Bow,NH,43.1388,-71.5448
Berlin,NH,44.4811,-71.1892
Charlotte,NC,35.24032839506175,-80.81567777777767
Canaan,NH,43.6601,-72.0297
Concord,NH,43.24638,-71.58102
Brentwood,NH,42.9786981,-71.0728369
Morrisville,NC,35.8344,-78.8466
Deerfield,NH,43.1378,-71.2513
Spruce Pine,NC,35.906,-82.0705
Spencer,NC,35.686099999999996,-80.43405
Durham,NH,43.2802,-71.03025
Nebraska City,NE,40.6747,-95.8619
Rolesville,NC,35.9156,-78.4658
Waynesville,NC,35.5174,-82.9816
Goffstown,NH,43.0201,-71.5697
Hampton,NH,43.09282,-71.03906
Epping,NH,43.0411,-71.0764
Washington,NC,35.5884,-77.1404
Ogallala,NE,41.1275,-101.7107
Kensington,NH,42.9283343,-70.9434892
Hudson,NH,42.769,-71.4121
Allenstown,NH,43.1275077,-71.4321179
Litchfield,NH,42.843,-71.455
Laconia,NH,43.58085,-71.4618
Lebanon,NH,43.75206666666667,-72.12813333333334
Londonderry,NH,42.8656,-71.3772
Wake Forest,NC,35.9773,-78.495
Nashua,NH,42.79654000000001,-71.51957999999999
Newmarket,NH,43.0726,-70.9553
Newfields,NH,43.0374,-70.9782
Bristol,NH,43.612,-71.7507
Moultonborough,NH,43.7281,-71.3922
"MEREDITH, NH",NH,43.6567546,-71.5011718
Salem,NH,42.89525,-71.1154
Manchester,NH,42.97110000000001,-71.54203333333334
Hollis,NH,42.7485,-71.5772
Keene,NH,42.954899999999995,-72.26925
Sanbornton,NH,43.5496,-71.6003
Windham,NH,42.8051,-71.3067
Bridgeton,NJ,39.3762,-75.1617
Berkeley Heights,NJ,40.6752,-74.4346
Belle Mead,NJ,40.4483,-74.6557
Amherst,NH,42.8569,-71.6075
Cherry Hill,NJ,39.905249999999995,-74.99625
East ORange,NJ,40.7724,-74.22423333333334
Bergenfield,NJ,40.9238,-73.9989
Fairfield,NJ,40.8822,-74.296
Ewing,NJ,40.2688105,-74.8006895
Dumont,NJ,40.9447,-73.9921
EDISON,NJ,40.51558,-74.38629999999999
Cliffside Park,NJ,40.8222,-73.988
Newton,NH,42.864850000000004,-71.041
Raymond,NH,43.0325,-71.1912
Hooksett,NH,43.0617,-71.4444
Beach Haven,NJ,39.6411,-74.1922
Epsom,NH,43.2174,-71.3546
Bridgewater,NJ,40.5904,-74.6267
Plymouth,NH,43.7635,-71.6847
Little Silver,NJ,40.3354,-74.0413
Bradley Beach,NJ,40.2023,-74.0132
Florence,NJ,40.118,-74.8055
Highlands,NJ,40.4013,-74.01575
Millville,NJ,39.3673,-75.0293
Emerson,NJ,40.9755,-74.0285
Camden,NJ,39.91815,-75.07249999999999
Mays Landing,NJ,39.432,-74.6962
Lakewood,NJ,40.085,-74.2042
New Egypt,NJ,40.0713,-74.5067
Dunellen,NJ,40.5897,-74.4639
Paramus,NJ,40.9479,-74.0752
Madison,NJ,40.7599,-74.4179
Orange,NJ,40.772942857142844,-74.23824285714285
Portsmouth,NH,43.00471,-71.03556
Princeton,NJ,40.316199999999995,-74.67135
Pennsauken,NJ,39.9723,-75.0607
Pompton Lakes,NJ,40.9993,-74.2876
Rahway,NJ,40.6087,-74.2819
Point Pleasant Beach,NJ,40.0806,-74.0595
New Milford,NJ,40.9331,-74.0195
Freehold,NJ,40.2458,-74.2768
Keansburg,NJ,40.4414,-74.1306
Stratham,NH,43.0194,-70.8997
Frenchtown,NJ,40.5208,-75.0325
Merchantville,NJ,39.9519,-75.0482
Scotch Plains,NJ,40.6379,-74.3682
Wall Township,NJ,40.1743052,-74.0902219
Linden,NJ,40.6354,-74.2556
North Brunswick,NJ,40.4538,-74.4823
Little Falls,NJ,40.8835,-74.2144
Wildwood,NJ,38.9949,-74.838
Washington,NJ,40.87325,-74.52745
Westwood,NJ,41.0092,-74.0041
Mountain Lakes,NJ,40.8904,-74.4415
Westfield,NJ,40.656800000000004,-74.3224
Harrington Park,NJ,40.9918,-73.98
Bedminster,NJ,40.6571,-74.6432
Brick,NJ,40.06315,-74.11305
Jersey City,NJ,40.72906428571428,-74.06995714285715
Artesia,NM,32.796,-104.36775
Angel Fire,NM,36.3849,-105.2439
Clovis,NM,34.52055,-103.30635000000001
Willingboro,NJ,40.029,-74.8835
Farmington,NM,36.7614,-108.13223333333333
Denville,NJ,40.8897,-74.4844
Secaucus,NJ,40.7619,-74.06945
North Haledon,NJ,40.9550981,-74.1859782
Belen,NM,34.6511,-106.6952
Teaneck,NJ,40.919799999999995,-74.04755
Pine Beach,NJ,39.9347,-74.168
South Brunswick,NJ,40.3818728,-74.5317663
Salem,NJ,39.5591,-75.4521
Gallup,NM,35.4791,-108.56286666666665
Wilton,NH,42.8368,-71.7541
Roswell,NM,33.438433333333336,-104.44500000000001
Los Lunas,NM,34.7806,-106.7115
Jemez Springs,NM,35.8927,-106.7714
North Plainfield,NJ,40.6208476,-74.4279801
Rio Rancho,NM,35.20586666666666,-106.68820000000001
Plainfield,NJ,40.62038,-74.39435999999999
Taos,NM,36.42253333333333,-105.59143333333333
Paterson,NJ,40.95442,-74.21992
Waldwick,NJ,41.013,-74.1243
Allendale,NJ,41.0327,-74.1342
Verona,NJ,40.8319,-74.2428
Bosque Farms,NM,34.8764,-106.6975
Manasquan,NJ,40.1217,-74.0611
Albany,NY,42.63045686274511,-73.92344117647062
Pahrump,NV,36.3012,-115.99715
Victory Gardens,NJ,40.8759325,-74.5423796
Minotola,NJ,39.5155,-74.9467
Rochelle Park,NJ,40.9057,-74.079
Amityville,NY,40.80325,-73.0271
Amsterdam,NY,42.9063,-74.229
Mesquite,NV,36.81013333333333,-114.08493333333332
Armonk,NY,41.136,-73.7009
Raton,NM,36.8952,-104.4349
Montvale,NJ,41.0495,-74.0384
Ruidoso,NM,33.3452,-105.62753333333335
Portales,NM,34.1799,-103.3363
Aztec,NM,36.8205,-108.011
Truth or Consequences,NM,33.1606,-107.2669
Albuquerque,NM,35.074613333333346,-106.63285555555552
Wayne,NJ,40.98996666666667,-74.2854
Amenia,NY,41.8447,-73.5542
Reno,NV,39.85117692307692,-119.72522307692303
Ballston Spa,NY,43.005,-73.8486
Bedford Hills,NY,41.2344,-73.6915
Bernalillo,NM,35.3285,-106.5309
Las Vegas,NV,36.10155340909092,-115.13616022727282
Batavia,NY,42.9992,-78.18885
Santa Fe,NM,35.613400000000006,-105.98537272727272
Brewster,NY,41.4097,-73.5992
Briarcliff Manor,NY,41.1444,-73.835
Athens,NY,42.2736,-73.8152
Bronxville,NY,40.9391,-73.8353
Elko,NV,41.00813333333333,-115.53120000000001
Buffalo,NY,42.8623956521739,-78.84508260869562
Canandaigua,NY,42.8689,-77.2846
Cairo,NY,42.3418,-73.99806666666666
Baldwinsville,NY,43.162,-76.3237
Blooming Grove,NY,41.4649,-74.2556
Bayville,NY,40.9074,-73.5601
Grants,NM,35.0998,-107.8502
Brockport,NY,43.2128,-77.9368
Bloomfield,NY,42.89746666666667,-77.47879999999999
Chappaqua,NY,41.1705,-73.7715
Binghamton,NY,42.113,-75.8936
Au Sable Forks,NY,44.4499,-73.6857
Socorro,NM,34.0479,-106.8907
Cohoes,NY,42.7754,-73.7124
Canajoharie,NY,42.8671,-74.5956
Canastota,NY,43.0878,-75.7602
Cortland,NY,41.9396,-75.0394
CARTHAGE,NY,43.9791,-75.6013
Black River,NY,44.0042,-75.7958
Chatham,NY,42.422200000000004,-73.56552500000001
Clarkson,NY,43.286,-77.6843
Delhi,NY,42.2937,-74.9207
Clayton,NY,44.1442,-76.062
Dover Plains,NY,41.7351,-73.587
Cortlandt Manor,NY,41.284,-73.8931
Cold Spring,NY,41.15075,-73.6879
Clifton Park,NY,42.8499,-73.7851
East Hampton,NY,40.993,-72.179
Cambridge,NY,43.0466,-73.3814
Clifton Springs,NY,42.9632,-77.144
Elmira,NY,42.10924285714286,-76.80752857142856
Cornwall,NY,41.73736666666667,-74.06956666666667
elmsford,NY,41.0572,-73.8136
Cazenovia,NY,42.938,-75.8392
Farmingville,NY,40.8366,-73.0412
Deposit,NY,42.0666,-75.4287
Freeport,NY,40.6536,-73.5866
Geneva,NY,42.8637,-76.9913
Glens Falls,NY,43.29755,-73.6371
Grand Island,NY,43.0183,-78.9591
Greenburgh,NY,41.0461704,-73.7900977
Eldred,NY,41.5328,-74.8968
Guilderland,NY,42.69605,-73.9014
Hamburg,NY,42.7334,-78.8389
Dryden,NY,42.4861,-76.2872
Hamilton,NY,42.8231,-75.5434
Greenport,NY,41.1039,-72.3674
Hastings-on-Hudson,NY,40.9946622,-73.8785922
Hempstead,NY,40.71745,-73.619
Fulton,NY,42.8419,-74.9161
Garrattsville,NY,42.6315,-75.1866
Haverstraw,NY,41.203050000000005,-73.97555
Glen Cove,NY,40.865,-73.6277
Horseheads,NY,42.1706,-76.85650000000001
Hyde Park,NY,40.89964285714286,-73.67018571428572
Irvington,NY,41.0381,-73.8597
Ithaca,NY,42.439,-76.485075
Jamestown,NY,42.214875,-79.340175
Islip,NY,40.74322000000001,-73.21642
Gloversville,NY,43.0616,-74.3375
Huntington,NY,41.070600000000006,-73.6014
Ghent,NY,42.3036,-73.6486
Hopewell Junction,NY,41.5603,-73.7939
Lindenhurst,NY,40.6884,-73.3745
Greenwich,NY,43.12595,-73.44775
Irving,NY,41.806,-76.45965000000001
Kingston,NY,42.0193,-74.36540000000001
Granville,NY,43.426966666666665,-73.31396666666666
Malta,NY,42.9711708,-73.792926
Mamaroneck,NY,40.9525,-73.735
Mahopac,NY,41.37215,-73.75545
Hornell,NY,42.3274,-77.6569
Massena,NY,44.9322,-74.8845
Larchmont,NY,40.9351,-73.7572
Johnson City,NY,42.1267,-75.9685
Middletown,NY,41.44253333333333,-74.38993333333333
Hopkinton,NY,44.69038,-74.703255
Lyons Falls,NY,43.6262,-75.3553
Lagrangeville,NY,41.6615,-73.745
Manhasset,NY,40.7934,-73.6888
Long Beach,NY,40.5877,-73.6595
Mount Vernon,NY,41.0308,-73.77457142857143
Newburgh,NY,41.437599999999996,-74.254
New Rochelle,NY,40.92855,-73.7876
Latham,NY,42.68055,-73.8669
MCGRAW,NY,42.5961812,-76.0932597
Millerton,NY,41.9536,-73.5287
North Salem,NY,41.3414,-73.5929
North Tonawanda,NY,43.0498,-78.851
Lockport,NY,43.243399999999994,-78.7615
Milton,NY,42.238299999999995,-74.7603
Ogdensburg,NY,44.6902,-75.4774
Middleport,NY,43.2183,-78.4841
Old Westbury,NY,40.7882,-73.5875
Oneida,NY,43.0862,-75.6508
New Paltz,NY,41.7464,-74.1092
Manchester,NY,42.9689,-77.2332
Montour Falls,NY,42.3437,-76.8396
Oswego,NY,43.4394,-76.4613
Ontario,NY,43.28875,-77.17705000000001
Nyack,NY,41.11653333333333,-73.9876
Monticello,NY,41.6516,-74.7007
Melrose,NY,42.8412,-73.6077
Mechanicville,NY,42.9168,-73.7214
Niagara Falls,NY,43.143100000000004,-78.98226
Peekskill,NY,41.3133,-73.9011
Patchogue,NY,40.7609,-72.9871
Pelham Manor,NY,40.8953773,-73.8070778
Newport,NY,43.18,-74.9861
Pelham,NY,40.9045,-73.8073
Niskayuna,NY,42.8154056,-73.8928774
New Windsor,NY,41.4724,-74.0566
Piermont,NY,41.0396,-73.9192
Port Jefferson,NY,40.92965,-73.05375000000001
Port Chester,NY,41.0222,-73.6798
Poughkeepsie,NY,41.72184,-73.83439999999999
Red Hook,NY,42.0064,-73.8546
North Bay,NY,43.2364,-75.7769
Rochester,NY,43.216858333333356,-77.64465624999995
Riverhead,NY,40.9262,-72.652
Plattsburgh,NY,44.68905,-73.4567
Sag Harbor,NY,40.982,-72.3067
Pittsford,NY,43.0695,-77.5141
Saratoga Springs,NY,43.0708,-73.7408
Perinton,NY,43.0780929,-77.4282796
Schenectady,NY,42.81677272727273,-73.96967272727272
Scarsdale,NY,40.9927,-73.7995
PORT CHESTER,NY,41.0222,-73.6798
Queensbury,NY,43.329,-73.6818
Otego,NY,42.4133,-75.2079
Poughquag,NY,41.6194,-73.6783
Shelter Island,NY,40.99315,-72.48685
"Slingerlands, NY",NY,42.6292455,-73.8645685
Rensselaer,NY,43.24783333333334,-74.39766666666667
Otisville,NY,41.4818,-74.5294
Sleepy Hollow,NY,41.085652,-73.8584684
Smithtown,NY,40.88825,-72.92545000000001
Silver Creek,NY,42.5357,-79.1628
South Fallsburg,NY,41.7042,-74.6444
Southampton,NY,40.9133,-72.5237
Rome,NY,43.231075000000004,-75.453525
Southold,NY,41.0556,-72.429
Sauquoit,NY,43.0073,-75.2626
Rotterdam,NY,42.87,-74.0501
Stephentown,NY,42.5544,-73.41890000000001
Saranac Lake,NY,44.3243,-74.133
Troy,NY,42.74154,-73.64538
Valhalla,NY,41.0856,-73.7776
Shandaken,NY,42.1363,-74.3774
Rye Brook,NY,41.0192641,-73.6834621
Victor,NY,43.0375,-75.50485
Saugerties,NY,42.1044,-73.95224999999999
Roslyn Estates,NY,40.7937348,-73.6601267
Wawarsing,NY,41.7606,-74.3535
Webster,NY,42.944649999999996,-77.54845
Skaneateles,NY,42.95845,-76.42814999999999
Warwick,NY,41.2656,-74.3604
SKANEATELES,NY,42.95845,-76.42814999999999
Watertown,NY,43.941500000000005,-75.90445
West Seneca,NY,42.8395833,-78.7541466
Somers,NY,41.3346,-73.6951
Wurtsboro,NY,41.5877,-74.5039
Wappingers Falls,NY,41.595,-73.8876
WAYLAND,NY,42.5593,-77.5906
Yonkers,NY,40.96963333333333,-73.84713333333333
Suffern,NY,41.1177,-74.1241
Beavercreek,OH,39.7092262,-84.0632685
Bay Village,OH,41.4841,-81.9289
Walworth,NY,43.1402,-77.2858
Bellbrook,OH,39.6402,-84.0824
Brooklyn,OH,41.439754,-81.7405559
Bowling Green,OH,41.37925,-83.6439
Canton,OH,40.81780869565217,-81.38067826086957
Canal Winchester,OH,39.8349,-82.8044
Chardon,OH,41.5719,-81.2056
Centerville,OH,39.6283928,-84.1593818
Cincinnati,OH,39.16535066666667,-84.49588399999999
Akron,OH,41.084467647058815,-81.52878235294116
Ulster Park,NY,41.8651,-73.9948
Cleveland Heights,OH,41.5200518,-81.556235
Warrensburg,NY,43.5003,-73.792
Warsaw,NY,42.741,-78.1429
Dayton,OH,39.74511200000002,-84.20823999999999
Carlisle,OH,39.93,-84.0217
Columbus,OH,40.009640816326545,-83.01509183673465
Fairfield,OH,39.95686666666666,-83.9078
Gahanna,OH,40.0195625,-82.8791363
Fostoria,OH,41.1623,-83.4139
Yorktown Heights,NY,41.2999,-73.7924
Grandview Heights,OH,39.981855,-83.0450363
Grove City,OH,39.8814,-83.0839
Harrison,OH,39.2592,-84.7837
Highland Heights,OH,41.551995,-81.478452
Circleville,OH,39.5988,-82.93
Galena,OH,40.2011,-82.8749
Lima,OH,40.8040625,-83.3172625
Loveland,OH,39.2445,-84.2588
Mayfield Heights,OH,41.5192189,-81.457896
Louisville,OH,40.51475000000001,-81.80775
Kettering,OH,39.6895036,-84.1688274
Hamilton,OH,39.42455000000001,-84.5695875
Mount Vernon,OH,40.3849,-82.4873
Hilliard,OH,40.0322,-83.1383
Monroe,OH,39.88535,-84.05472499999999
Cleveland,OH,41.55918510638297,-81.65655106382972
Lebanon,OH,39.513533333333335,-84.25996666666667
Dublin,OH,40.103899999999996,-83.13415
Fairborn,OH,39.8053,-84.0198
North Canton,OH,40.875891,-81.4023356
New Philadelphia,OH,40.4845,-81.4358
Northwood,OH,41.608,-83.4806
Norwood,OH,39.1556149,-84.4596641
Parma,OH,41.3822398,-81.7355692
Olmsted Township,OH,41.3767848,-81.9456499
New Concord,OH,40.0088,-81.7387
Perrysburg,OH,41.467650000000006,-83.62084999999999
PIQUA,OH,40.1486,-84.2531
Reynoldsburg,OH,39.9553,-82.80135
Mentor-on-the-Lake,OH,41.7163785,-81.36299
Richmond Heights,OH,41.552829,-81.510121
Marietta,OH,39.4281,-81.4644
Shaker Heights,OH,41.4739419,-81.5370671
Stow,OH,40.776137931034484,-81.43226551724138
St Bernard,OH,39.167001,-84.4985573
Oakwood,OH,41.0908,-84.3969
Tallmadge,OH,41.0975,-81.426
Suite C,OH,41.3787961,-81.8237665
Tipp City,OH,39.942,-84.1663
Troy,OH,40.0387,-84.2165
Trenton,OH,39.4799,-84.4598
Village of Chagrin Falls,OH,41.4183,-81.36779999999999
Upper Arlington,OH,40.0073887,-83.0581647
Wyoming,OH,39.2311692,-84.4657758
Montgomery,OH,39.6837328,-84.2854817
Parma Heights,OH,41.3914132,-81.7598257
Bixby,OK,35.9173,-95.8729
Ravenna,OH,41.1649,-81.2337
Saint Henry,OH,40.4091,-84.6333
Springfield,OH,40.112562499999996,-83.0297375
Youngstown,OH,41.070458823529414,-80.69473529411765
New Lebanon,OH,39.7398,-84.3956
Chickasha,OK,35.028999999999996,-97.9169
Edmond,OK,35.67026,-97.4863
Coweta,OK,35.9578,-95.6526
Springdale,OH,39.287002,-84.4852213
Oberlin,OH,41.2899,-82.2229
Duncan,OK,34.4992,-97.90449999999998
El Reno,OK,35.5335,-97.9591
Tiffin,OH,41.1238,-83.1844
Grove,OK,35.888949999999994,-95.4809
Lawton,OK,34.61916,-98.42594
Plain City,OH,40.0974,-83.269
MIAMI,OK,36.8747,-94.87686666666666
Nichols Hills,OK,35.5508857,-97.5489318
Ponca City,OK,36.731175,-97.091925
Newark,OH,40.08055,-82.442725
Piedmont,OK,35.6695,-97.7431
Purcell,OK,35.0103,-97.4255
SAND SPRINGS,OK,36.1341,-96.1426
Tuttle,OK,35.2674,-97.7446
Stillwater,OK,36.10682,-97.0474
Village,OK,35.5789916,-97.5675895
Yukon,OK,35.4936,-97.74115
Oklahoma City,OK,35.50336463414631,-97.4723134146342
Woodward,OK,36.4854,-99.35114999999999
Central Point,OR,42.3899,-122.9222
Ashland,OR,42.1885,-122.693
Cornelius,OR,45.529,-123.0415
Cottage Grove,OR,43.7839,-123.0529
Del City,OK,35.442007,-97.4408709
Forest Grove,OR,45.5981,-123.1818
Newcastle,OK,35.2453,-97.6216
Fairview,OR,45.5473,-122.4414
Grants Pass,OR,42.4197,-123.4115
Albany,OR,44.638999999999996,-123.09515
Hines,OR,43.5558,-119.0816
La Pine,OR,43.7091,-121.5194
Lebanon,OR,44.5316,-122.8821
Madras,OR,44.6376,-121.1349
Eugene,OR,44.04217142857143,-123.08361428571428
Keizer,OR,44.9845,-122.457
Millersburg,OR,44.680955,-123.061482
Beaverton,OR,45.502587500000004,-122.9323375
Mt. Angel,OR,45.0678032,-122.799682
North Bend,OR,43.4327,-124.2131
St Helens,OR,45.8640034,-122.8064922
Okemah,OK,35.4647,-96.3287
Veneta,OR,44.0382,-123.3516
Umatilla,OR,45.8998,-119.3553
Tualatin,OR,45.3727,-122.7631
Woodburn,OR,45.1446,-122.8583
Gresham,OR,45.498549999999994,-122.41794999999999
Allison Park,PA,40.57,-79.9665
Abington,PA,40.1238,-75.1148
Milwaukie,OR,45.4440051,-122.6412523
Newberg,OR,45.3099,-122.9685
Sapulpa,OK,36.0113,-96.10215
Mosier,OR,45.6508,-121.379
Sherwood,OR,45.3514,-122.8567
Norman,OK,35.213816666666666,-97.41365
Roseburg,OR,43.22835,-123.37505
Cecil,PA,40.3234,-80.1879
Bristol,PA,40.1159,-74.8536
Portland,OR,45.529023809523764,-122.56613015873005
Chester Springs,PA,40.0978,-75.6398
Washington,OK,35.1324,-97.487
Springfield,OR,44.0586,-122.9662
Downingtown,PA,40.0161,-75.7183
Conshohocken,PA,40.1472,-75.33015
Happy Valley,OR,45.4446,-122.5372
Altoona,PA,40.5093,-78.40313333333333
Emmaus,PA,40.6387,-75.48113333333333
Elkins Park,PA,40.075,-75.1315
Newport,OR,44.6487,-124.0509
Astoria,OR,46.1558,-123.798
Hanover,PA,39.836825,-76.844425
Harrisburg,PA,40.28259230769231,-76.85923076923078
Wood Village,OR,45.5370464,-122.4184703
Lansdale,PA,40.2378,-75.2955
McKeesport,PA,40.3478472,-79.864215
Bethel Park,PA,40.321,-80.0398
Archbald,PA,41.4876,-75.5334
Bethlehem,PA,40.706599999999995,-75.97051428571429
Medford,OR,42.30905,-122.8726
Oakdale,PA,40.4033,-80.1842
Norristown,PA,40.09048,-75.51241999999999
Allentown,PA,40.609177777777774,-75.52032222222222
Marysville,PA,40.3351,-76.9722
Phoenixville,PA,40.1267,-75.5272
Gilbertsville,PA,40.3059,-75.5953
Lancaster,PA,40.04448181818182,-76.31583636363636
Johnstown,PA,40.349712499999995,-78.880775
DuBois,PA,41.118651,-78.7622342
Philadelphia,PA,40.003302247191016,-75.15021573033714
West Mifflin,PA,40.397499999999994,-79.9667
Bristol,RI,41.6825,-71.2676
Phoenix,OR,42.2766,-122.8227
Greencastle,PA,39.7818,-77.747
Cumberland,RI,41.9484,-71.4154
Foster,RI,41.7815,-71.7187
New Shoreham,RI,41.1722089,-71.5573011
Richmond,RI,41.4998322,-71.660263
Narragansett,RI,41.4353,-71.4616
Middletown,RI,41.5198,-71.2731
North Smithfield,RI,41.9724,-71.5508
Portsmouth,RI,41.5944,-71.252
North Kingstown,RI,41.48235,-71.5532
Wakefield,RI,41.4095,-71.58905
Westerly,RI,41.3691,-71.8126
Johnston,RI,41.8274,-71.52
Scranton,PA,41.40616428571428,-75.65487142857145
Charleston,SC,32.845176,-79.945244
Newport,RI,41.493300000000005,-71.31305
Gaffney,SC,35.05256666666667,-81.66903333333333
Fort Mill,SC,35.025275,-80.9362
Hardeeville,SC,32.2635,-81.0669
Pittsburgh,PA,40.43950253164562,-80.00104430379753
East Providence,RI,41.8138,-71.3688
Lexington,SC,33.92026666666666,-81.23976666666665
Pawtucket,RI,41.871833333333335,-71.37193333333333
Jamestown,RI,41.5164,-71.3761
Lake City,SC,33.8655,-79.7418
Scituate,RI,41.8439,-71.6242
Summerville,SC,33.00196666666667,-80.19456666666666
Greenville,SC,34.85674444444444,-82.39118333333333
Warren,RI,41.7256,-71.2702
Brookings,SD,44.33765,-96.79105
Blythewood,SC,34.1911,-80.9758
North Providence,RI,41.8547,-71.4735
Columbia,SC,34.010676315789475,-81.00693157894742
Huron,SD,44.38665,-98.2479
Madison,SD,44.0054,-97.1149
Spearfish,SD,44.4952,-103.86765
Dillon,SC,34.4146,-79.377
Cranston,RI,41.76986666666667,-71.4701
Lyman,SC,34.9684,-82.1435
Mitchell,SD,43.6959,-98.0864
Alcoa,TN,35.7852,-83.9809
Hilton Head Island,SC,32.2445,-80.7413
Cleveland,TN,35.16302,-84.85842
Cookeville,TN,36.165020000000005,-85.4695
Clarksville,TN,36.52535999999999,-87.35470000000001
PAMPLICO,SC,33.9922,-79.5929
Johns Island,SC,32.84225,-79.8397
Bristol,TN,36.525666666666666,-82.23696666666666
West Columbia,SC,33.94425,-81.14215
Gallatin,TN,36.3834,-86.4512
Crossville,TN,35.97198,-85.01606
Dyersburg,TN,36.04565,-89.4137
Sumter,SC,33.910075000000006,-80.362975
Goodlettsville,TN,36.26415,-86.75319999999999
Lakeland,TN,35.2306032,-89.7404032
Georgetown,SC,33.417249999999996,-79.27494999999999
Huntland,TN,35.0512,-86.2694
East Ridge,TN,35.002731,-85.245987
La Vergne,TN,35.93615,-86.4905
Church Hill,TN,36.5399,-82.7252
Lawrenceburg,TN,35.2507,-87.3526
Millington,TN,35.264,-89.92975
Sioux Falls,SD,43.60180800000002,-96.75797200000001
Harriman,TN,35.9348,-84.5155
Florence,SC,34.137966666666664,-79.70625
Nashville,TN,36.16670444444444,-86.78994888888882
Reidville,SC,34.8636,-82.1101
Ridgeland,SC,32.4868,-80.9257
Mt Juliet,TN,36.200055,-86.5186054
Murfreesboro,TN,35.843714285714285,-86.41495714285715
Isle of Palms,SC,32.7943,-79.7729
Portland,TN,36.5673,-86.5059
Red Bank,TN,35.1197132,-85.2894863
Piperton,TN,35.0450914,-89.6217476
Lakesite,TN,35.2086819,-85.126899
Oak Ridge,TN,36.060950000000005,-84.22905
Pigeon Forge,TN,35.83655,-83.55995
Springfield,TN,36.5018,-86.8769
Knoxville,TN,35.97221470588235,-83.96054411764705
Town of Somerville,TN,35.2772,-89.3918
Abilene,TX,32.41525,-99.77716000000001
Marion,SC,34.1562,-79.3898
Brownsville,TN,35.61,-89.2624
Kingston,TN,35.974050000000005,-85.80635000000001
White House,TN,36.46,-86.6705
Mount Carmel,TN,36.5629,-82.6532
Aransas Pass,TX,27.911,-97.17375
Athens,TX,32.2043,-95.8166
Ashland City,TN,36.2731,-87.0447
McMinnville,TN,35.683404,-85.7699816
Balch Springs,TX,32.7287413,-96.6227714
Aubrey,TX,33.292,-96.9879
White Pine,TN,36.0776,-83.2998
Athens,TN,35.4494,-84.62295
Covington,TN,35.5598,-89.6501
Bedford,TX,32.81823333333333,-97.1909
Bellaire,TX,29.76815,-95.44765000000001
Bellmead,TX,31.5940545,-97.1088903
Benbrook,TX,32.673188,-97.4605759
"Borger, TX",TX,35.6689767,-101.3919481
Paris,TN,36.3005,-88.3093
Arlington,TX,32.72188,-97.17709500000002
Sweetwater,TN,35.5957,-84.4304
Rogersville,TN,36.4162,-83.0108
Signal Mountain,TN,35.1494,-85.3362
Beaumont,TX,30.03513846153846,-94.15070769230768
Beeville,TX,28.40765,-97.7688
Brownwood,TX,31.77116666666667,-99.00653333333334
Boerne,TX,29.8129,-98.67515
Bulverde,TX,29.7767,-98.4626
Brownsville,TX,25.99948,-97.54674
Alton,TX,26.2871257,-98.3137779
Buda,TX,30.0918,-97.8534
Tullahoma,TN,35.3468,-86.22
Clear Lake Shores,TX,29.547452,-95.0321506
Union City,TN,36.39035,-89.1083
Manchester,TN,35.496700000000004,-86.0782
Celina,TX,33.3103,-96.7673
Cedar Park,TX,30.567,-97.7101
Friendsville,TN,35.7523,-84.1061
Mount Pleasant,TN,35.5301,-87.2037
Copperas Cove,TX,31.2029,-97.9301
Dalhart,TX,36.0732,-102.5177
Deer Park,TX,29.6826,-95.1222
Brentwood,TN,35.94045,-86.84925
Allen,TX,28.218071428571427,-97.78057142857143
Denison,TX,33.73095,-96.53655
Dickinson,TX,29.4585,-95.0345
Corinth,TX,33.1540091,-97.0647322
Elgin,TX,30.3231,-97.3737
DeSoto,TX,32.6857,-96.82145
Eagle Pass,TX,28.6909,-100.4801
Brookshire,TX,29.8072,-95.9755
Moncks Corner,SC,33.1971,-80.0233
Flower Mound,TX,33.090833333333336,-97.10336666666666
Caldwell,TX,30.5298,-96.7143
Chattanooga,TN,35.082052380952376,-85.25589047619047
Ferris,TX,32.5223,-96.6643
Amarillo,TX,35.29366382978721,-101.87493191489364
Forney,TX,32.7491,-96.4598
Fate,TX,32.9411,-96.3828
Canyon,TX,33.3467,-100.93719999999999
Galveston,TX,29.2804,-94.8553
Frisco,TX,33.1438,-96.78825
Glenn Heights,TX,32.5487479,-96.8566667
Garland,TX,32.86953,-96.67439
Godley,TX,32.4282,-97.5349
Centerville,TX,31.272,-95.9213
Alamo Heights,TX,29.4832264,-98.468455
Gun Barrel City,TX,32.331017,-96.1126799
Gunter,TX,33.4495,-96.7341
Horseshoe Bay,TX,30.5442091,-98.3669797
Hereford,TX,34.837,-102.405
Farmers Branch,TX,32.9265668,-96.8960916
El Paso,TX,31.71373757961796,-106.31838471337548
Bee Cave,TX,30.3085373,-97.94501
Huntsville,TX,30.764062499999994,-95.58801249999999
Memphis,TN,35.1659328571429,-89.96338857142845
Ingleside,TX,27.8682,-97.2069
Bryan,TX,30.682528571428573,-96.36292857142857
Hutto,TX,30.5257,-97.5672
Freeport,TX,29.10985,-95.4015
Ennis,TX,32.433099999999996,-97.07113333333332
Jersey Village,TX,29.888578,-95.5699185
Kemah,TX,29.5236,-95.0276
Kerrville,TX,30.037399999999998,-99.1409
Helotes,TX,29.6321,-98.7542
Kermit,TX,31.855,-103.0913
Converse,TX,29.5173,-98.3217
Killeen,TX,31.06673333333334,-97.61053333333332
Cisco,TX,32.38,-98.9865
Kenedy,TX,28.8046,-97.8456
La Porte,TX,29.761200000000002,-95.24275
La Marque,TX,29.3676,-94.9742
Hollywood Park,TX,29.6005047,-98.48724
Lake Jackson,TX,29.0393,-95.4401
Lago Vista,TX,30.4601975,-97.9883477
Harlingen,TX,26.187025,-97.65802500000001
College Station,TX,30.607533333333333,-96.32990000000001
Irving,TX,32.81556666666666,-96.885225
Georgetown,TX,30.66635,-97.70555
Lindale,TX,32.5062,-95.4006
League City,TX,29.51445,-95.07724999999999
Longview,TX,32.49536666666667,-94.751
Lakeway,TX,30.3644888,-97.9875325
Leander,TX,30.563100000000002,-97.80900000000001
Groves,TX,29.9448,-93.9152
Houston,TX,29.796648186528426,-95.41753056994806
Little Elm,TX,33.1768,-96.9583
Liberty Hill,TX,30.663,-97.9316
Lockhart,TX,29.8868,-97.6769
Kyle,TX,29.9966,-97.8335
Marble Falls,TX,30.5548,-98.29050000000001
Midland,TX,31.935783333333333,-102.0659
Manor,TX,30.3388,-97.5323
Mansfield,TX,29.56015,-97.25795
Missouri City,TX,29.5833,-95.5269
Montgomery,TX,30.3999,-95.6977
New Braunfels,TX,29.754275,-98.174525
Odessa,TX,31.84332,-102.41126
Orange,TX,29.663,-94.69072000000001
Lavon,TX,33.0139,-96.4377
Paris,TX,33.66726666666667,-95.4964
Pecos,TX,31.4467,-103.5791
Portland,TX,27.8935,-97.3169
Fort Worth,TX,32.76156071428573,-97.31369464285716
Port Arthur,TX,29.90045,-93.97222500000001
Pasadena,TX,29.674462499999997,-95.18557499999999
Duncanville,TX,32.6869,-96.86676666666666
Princeton,TX,33.1555,-96.4981
Prosper,TX,33.2362,-96.7954
Providence Village,TX,33.2362419,-96.9650283
Pilot Point,TX,33.371,-96.9446
Port Lavaca,TX,28.6011,-96.6259
Roanoke,TX,33.11425,-97.1645
Rockport,TX,28.02195,-97.0812
Navasota,TX,30.50485,-96.2002
Palmview,TX,26.233406,-98.3708503
Rockdale,TX,30.6583,-97.0079
Rosenberg,TX,29.5497,-95.7982
Plano,TX,33.05577777777778,-96.69564444444444
Rowlett,TX,32.91843333333333,-96.54543333333334
McCamey,TX,31.1315405,-102.2223286
Seabrook,TX,29.5832,-95.037
Rollingwood,TX,30.2742428,-97.7855814
San Marcos,TX,29.9649,-97.97200000000001
Snyder,TX,32.7464,-100.91640000000001
Pflugerville,TX,30.38425,-97.70060000000001
Shenandoah,TX,30.1802151,-95.4557726
South Houston,TX,29.6601,-95.2258
Sunnyvale,TX,32.797,-96.5616
Seguin,TX,29.58655,-97.967
stafford,TX,29.574150000000003,-95.66215
Humble,TX,29.962842857142856,-95.28104285714286
Taylor,TX,30.5807,-97.4401
Terrell,TX,32.74235,-96.23904999999999
Stephenville,TX,32.21835,-98.2152
Texarkana,TX,33.44786666666666,-94.24278333333332
Sweetwater,TX,32.4726,-100.3979
Texas City,TX,29.372200000000003,-94.9049
Richwood,TX,29.0560789,-95.4099403
Pleasanton,TX,28.9924,-98.4831
Tomball,TX,30.0677,-95.6511
The Colony,TX,33.094,-96.8836
Round Rock,TX,30.598660000000002,-97.63640000000001
Universal City,TX,29.492,-98.3785
Waller,TX,30.071,-95.9253
Weatherford,TX,32.77995,-97.772875
Westlake,TX,32.991226,-97.1943701
San Angelo,TX,31.428200000000004,-100.52352857142857
Webster,TX,29.5564,-95.144
Victoria,TX,28.829879999999996,-97.02135999999999
West Lake Hills,TX,30.2877039,-97.8068157
Waxahachie,TX,32.37766666666666,-96.82339999999999
Pharr,TX,26.1771,-98.187
West University Place,TX,29.7180075,-95.4338292
Watauga,TX,32.8579056,-97.2547371
Woodcreek,TX,30.0282683,-98.1111211
Mustang Ridge,TX,30.0568828,-97.6911124
Alpine,UT,40.4616,-111.7689
Newark,TX,33.007,-97.4923
Windcrest,TX,29.515508,-98.3802925
Wichita Falls,TX,33.90453,-98.49983999999999
Cedar City,UT,37.7337,-113.18635
Bluffdale,UT,40.4898176,-111.939284
Hubbard,TX,31.8436,-96.8
VERNON,TX,33.8219,-97.91173333333332
San Antonio,TX,29.46287752808989,-98.495106741573
Altamont,UT,40.3514,-110.2754
Bountiful City,UT,40.8956919,-111.8840892
Sugar Land,TX,29.57774,-95.67532000000001
Ephraim,UT,39.36,-111.5823
The Woodlands,TX,30.1734194,-95.504686
Von Ormy,TX,29.275,-98.6677
Heber City,UT,40.4947,-111.4051
Yoakum,TX,29.284,-97.1306
Highland,UT,40.427176,-111.7891709
Weslaco,TX,26.28955,-98.10645
Duchesne,UT,40.127700000000004,-110.2409
Rule,TX,33.13065,-99.9242
Bluff,UT,37.6247,-109.4799
Kaysville,UT,41.0375,-111.9326
Taft,TX,27.9765,-97.3966
Eagle Mountain,UT,40.3802,-111.991
Hyrum,UT,41.6311,-111.849
Enterprise,UT,37.5797,-113.6894
Lindon,UT,40.3412,-111.7144
Millcreek,UT,40.6992918,-111.855583
Moab,UT,38.5677,-109.5271
Lehi,UT,40.3958,-111.8506
Holladay,UT,40.6710765,-111.8250278
Wills Point,TX,32.7283,-96.0079
North Salt Lake,UT,40.8446,-111.9191
Ogden,UT,41.23950769230768,-111.9654076923077
Payson,UT,40.0449,-111.7321
Harrisville,UT,41.2811997,-111.985184
Ballard,UT,40.2894035,-109.943203
Draper,UT,40.5046,-111.881
Orem,UT,40.26735,-111.655675
Centerville,UT,40.9268,-111.877
Pleasant View,UT,41.3199212,-111.988791
Garden City,UT,41.9376,-111.407
Provo,UT,40.24408333333333,-111.64495
Santaquin,UT,39.9737,-111.8037
South Salt Lake,UT,40.7074741,-111.88827
Syracuse,UT,41.0864,-112.0451
Vernal,UT,40.3004,-109.54735
West Point City,UT,41.114165,-112.1004838
Waco,TX,31.55653333333334,-97.1605222222222
Hyde Park City,UT,41.7994223,-111.8162347
St. George,UT,37.1098772,-113.5832063
Millville,UT,41.6759,-111.8185
Naples,UT,40.4269052,-109.499302
West Valley,UT,40.6958438,-112.006286
Ashland,VA,37.7395,-77.4784
Bedford,VA,37.3153,-79.5331
Berryville,VA,39.1532,-77.9688
Woods Cross,UT,40.8874,-111.9027
Bristol,VA,36.70055,-82.08307500000001
Charlottesville,VA,38.04715454545454,-78.48192727272728
Colonial Beach,VA,38.1792,-76.9959
Danville,VA,36.596275000000006,-79.418875
Logan,UT,41.7121,-111.82745
Colonial Heights,VA,37.27,-77.4038
Falls Church,VA,38.86765714285714,-77.18911428571428
Alexandria,VA,38.798722727272725,-77.09835
Midway,UT,40.5093,-111.4776
Farmville,VA,37.30215,-78.40125
Fredericksburg,VA,38.3036,-77.50748888888889
Sunset,UT,41.1363012,-112.0309373
West Haven City,UT,41.1877951,-112.073025
HOPEWELL,VA,37.2876,-77.295
Hampton,VA,37.0517,-76.36367692307694
Manassas,VA,38.747875,-77.4693
Martinsville,VA,36.681475,-79.86617500000001
Amherst,VA,37.6027,-79.0506
Norton,VA,36.9378,-82.6249
Middleburg,VA,39.01123333333334,-77.7307
Lynchburg,VA,37.36067999999999,-79.15729999999999
Powhatan,VA,37.5564,-77.8798
Petersburg,VA,37.20095,-77.41309999999999
Radford,VA,37.127,-80.55579999999999
Park City,UT,40.67443333333333,-111.51843333333333
Pleasant Grove,UT,40.372,-111.7333
Purcellville,VA,39.151,-77.71986666666668
Altavista,VA,37.1222,-79.2911
Salem,VA,37.287625,-80.06762499999999
Portsmouth,VA,36.8442125,-76.35065
Smithfield,VA,36.94,-76.66225
Warrenton,VA,38.72415,-77.79175000000001
Buena Vista,VA,37.7396,-79.3523
Vinton,VA,37.2757,-79.8775
Elkton,VA,38.4025,-78.6321
Culpeper,VA,38.5117,-77.9928
Woodstock,VA,38.887,-78.5217
Harrisonburg,VA,38.462325,-78.84899999999999
Norfolk,VA,36.90268846153846,-76.25127692307694
Williamsburg,VA,37.303,-76.74735
Colchester,VT,44.491099999999996,-73.14993333333332
Burlington,VT,44.459385714285716,-73.13981428571427
Essex Junction,VT,44.47280000000001,-73.08654999999999
Chesterfield,VA,37.3628,-77.60055
Franklin,VA,36.6786,-76.9391
Tooele,UT,40.5454,-112.3002
Vineyard,UT,40.2983097,-111.747841
West Bountiful,UT,40.8938148,-111.901786
Fairfax,VT,44.6924,-73.0241
Milton,VT,44.6483,-73.1317
Virginia Beach,VA,36.811861904761905,-76.06625238095238
South Burlington,VT,44.44670000000001,-73.13104999999999
Windsor,VA,36.8369,-76.7324
Occoquan,VA,38.6816,-77.2605
Bowling Green,VA,38.0141,-77.26805
Salt Lake City,UT,40.704162499999995,-111.88990937500004
Roanoke,VA,37.281277777777795,-79.96178222222217
Boones Mill,VA,37.1331,-79.9556
Weber City,VA,36.6137,-82.5618
Vernon,VT,42.7565,-72.5115
White River Junction,VT,43.632099999999994,-72.48485
Richmond,VA,37.54129999999999,-77.47512602739724
Bainbridge Island,WA,47.6478,-122.538
Winooski,VT,44.4949,-73.1874
Aberdeen,WA,46.9843,-123.7963
Brattleboro,VT,42.960375,-72.68862499999999
Clifton Forge,VA,37.8203,-79.8054
Arlington,WA,48.1829,-122.1121
Anacortes,WA,48.5004,-122.6309
Burlington,WA,48.4786,-122.3345
Duvall,WA,47.725,-121.9369
Bonney Lake,WA,47.143,-122.1644
Bremerton,WA,47.58646,-122.64992
DuPont,WA,47.0909,-122.6567
Ellensburg,WA,46.9996,-120.5163
Round Hill,VA,39.11983333333333,-77.77996666666665
Edgewood,WA,47.2318245,-122.2843724
East Wenatchee,WA,47.4186,-120.2731
Fife,WA,47.2359524,-122.3626381
Bothell,WA,47.64924,-122.04884
Winchester,VA,39.20088,-78.22154
Gig Harbor,WA,47.3465,-122.63616666666667
Everett,WA,47.94489999999999,-122.14726250000001
Guilford,VT,42.8176895,-72.5754263
Lake Forest Park,WA,47.7567679,-122.2809623
Shaftsbury,VT,42.9614,-73.2166
Kelso,WA,46.1485,-122.887
Lake Stevens,WA,48.0171,-122.0672
Liberty Lake,WA,47.6517,-117.0838
St. Albans,VT,44.8107911,-73.0833607
Federal Way,WA,47.3435,-122.147525
Marysville,WA,48.081100000000006,-122.1771
Hardwick,VT,44.5179,-72.33359999999999
Mount Vernon,WA,48.39975,-122.17425
Moses Lake,WA,47.1374,-119.2891
Milton,WA,47.8869,-122.15209999999999
North Bend,WA,47.4755,-121.7571
Monroe,WA,47.8585,-121.9474
Oak Harbor,WA,48.327650000000006,-122.65344999999999
Newport News,VA,37.10616363636364,-76.4956181818182
Mukilteo,WA,47.9199,-122.3019
Stowe,VT,44.4695,-72.6923
Berlin,VT,44.2100604,-72.5759414
Issaquah,WA,47.527950000000004,-122.0081
Selah,WA,46.6767,-120.5408
Puyallup,WA,47.15556,-122.29982
Port Orchard,WA,47.5067,-122.61905
Algona,WA,47.2784027,-122.2542238
SEQUIM,WA,48.06905,-123.01715
Newcastle,WA,47.5395736,-122.1563331
Lunenburg,VT,44.4663,-71.693
Fairfax,VA,38.82689,-77.28973
Redmond,WA,47.583433333333325,-121.9884
Sultan,WA,47.8589,-121.7369
Spokane Valley,WA,47.6571104,-117.2613936
Covington,WA,47.3657791,-122.100222
Othello,WA,46.8527,-118.9932
Bellevue,WA,47.555057142857144,-122.05632857142858
Snoqualmie,WA,47.48725,-121.62675
Ione,WA,48.7377,-117.3647
South Londonderry,VT,43.1699,-72.8515
"WOODINVILLE, WA",WA,47.7545827,-122.1588902
Sunnyside,WA,46.3213,-120.0126
Renton,WA,47.47915999999999,-122.1694
Mill Creek,WA,47.8577455,-122.2210628
Sedro-Woolley,WA,48.504994,-122.235109
Tacoma,WA,47.16441162790698,-122.3370209302325
Maple Valley,WA,47.3845,-122.0574
VIENNA,VA,38.869099999999996,-77.27874999999999
Poultney,VT,43.5626,-73.02170000000001
Amery,WI,45.3486,-92.4014
Woodbury,VT,44.4548,-72.4036
Pacific,WA,47.24305,-123.2175
Shelton,WA,47.2633,-123.1597
Sammamish,WA,47.60555,-122.04034999999999
Friday Harbor,WA,48.5454,-123.0947
Snohomish,WA,47.8876,-122.07123333333334
BURIEN,WA,47.469918,-122.3485274
Appleton,WI,44.32816666666667,-88.42511666666667
Olympia,WA,47.019466666666666,-122.81944166666665
Waitsfield,VT,44.1889,-72.8283
Altoona,WI,44.8021,-91.4382
Burlington,WI,42.666,-88.2749
Chippewa Falls,WI,45.016400000000004,-91.30695
Columbus,WI,43.3315,-89.0271
Delafield,WI,43.05,-88.3972
DeForest,WI,43.2477691,-89.3437277
Edmonds,WA,47.8207,-122.3497
Fitchburg,WI,43.0020919,-89.423817
Cleveland,WI,43.9217,-87.7673
Eagle River,WI,45.9161,-89.2531
Germantown,WI,43.2189,-88.1165
Green Bay,WI,44.483066666666666,-88.00703333333331
Hubertus,WI,43.2343,-88.2311
Footville,WI,42.6726,-89.2112
Baraboo,WI,43.4825,-89.7462
Hudson,WI,44.9842,-92.7271
Bellevue,WI,44.463888,-87.9543025
Horicon,WI,43.4469,-88.631
De Pere,WI,44.4388,-88.0806
Jackson,WI,43.3252,-88.1626
Gordon,WI,46.2336,-91.8033
LAKE DELTON,WI,43.5939,-89.7912
Lisbon,WI,43.8878,-90.1524
Lake Geneva,WI,42.5881,-88.4554
Cedarburg,WI,43.3034,-88.0029
Iron Ridge,WI,43.3934,-88.5441
Menomonie,WI,44.8718,-91.9265
Oconomowoc,WI,43.1095,-88.4862
La Crosse,WI,43.85176666666667,-91.21116666666667
OREGON,WI,42.9295,-89.387
Plymouth,WI,43.7526,-87.9779
Plover,WI,44.4507,-89.5428
Kronenwetter,WI,44.8290497,-89.659718
Neenah,WI,44.19,-88.57905
Prescott,WI,44.7476,-92.7535
Park Falls,WI,45.9363,-90.4246
Portage,WI,43.5501,-89.4714
Saukville,WI,43.3913,-87.9568
Oshkosh,WI,44.03684,-88.59328000000001
South Milwaukee,WI,42.9105,-87.8646
Stevens Point,WI,44.52896666666667,-89.53519999999999
Poynette,WI,43.4013,-89.4189
Superior,WI,46.7016,-92.0912
Suamico,WI,44.6605,-88.02945
Verona,WI,42.9999,-89.5522
Village of Grafton,WI,43.3231,-87.9521
Waterford,WI,42.7632,-88.1974
rudolph,WI,44.4741,-89.8003
Waunakee,WI,43.1818,-89.4532
Sister Bay,WI,45.1875,-87.1139
Waupun,WI,43.6324,-88.7373
Weston,WI,44.9055006,-89.5725724
Slinger,WI,43.3322,-88.2824
Whitefish Bay,WI,43.1185591,-87.906804
Summit,WI,45.3965,-89.2179
Waupaca,WI,44.3481,-89.1101
Wisconsin Rapids,WI,44.38195,-89.86449999999999
Fairmont,WV,39.5042,-80.2199
Morgantown,WV,39.627775,-79.950625
Elkins,WV,38.9253,-79.8471
West Salem,WI,43.9063,-91.0893
Charleston,WV,38.32116808510641,-81.58052978723408
Cody,WY,44.5231,-109.0756
Parkersburg,WV,39.24356,-81.51306000000001
Jackson,WY,43.4791,-110.7629
Rawlins,WY,41.7951,-107.2349
Torrington,WY,42.0624,-104.1917
Wheeling,WV,40.1027,-80.6476
Glenville,WV,38.9409,-80.8313
Riverton,WY,43.0351,-108.2024
Clayton,AL,31.8874,-85.4509
Andalusia,AL,31.3109,-86.4986
Wausau,WI,45.042175,-89.2296
Scottsboro,AL,34.68435,-86.0992
Athens,AL,34.8144,-86.98715
Clarksburg,WV,39.2801,-80.34496666666666
Guntersville,AL,34.3449,-86.2752
Phenix City,AL,32.465225000000004,-85.0619
Wedowee,AL,33.3019,-85.4737
Oneonta,AL,33.9259,-86.4741
Florence,AZ,32.9903,-111.3436
Gillette,WY,44.171633333333325,-105.51416666666667
Colusa,CA,39.2345,-122.0277
Alturas,CA,41.4767,-120.5456
Fort Smith,AR,35.26218461538462,-94.3097076923077
Lakeport,CA,39.047,-122.9328
Bay Minette,AL,30.8635,-87.7644
Mariposa,CA,37.4931,-119.9219
Fresno,CA,36.755091935483875,-119.6874274193547
Casper,WY,42.873659999999994,-106.43016
Clovis,CA,36.879974999999995,-119.638575
Placerville,CA,38.7195,-120.8046
Downey,CA,33.902024999999995,-118.17155
Marysville,CA,39.1663,-121.5105
Riverside,CA,33.8446,-116.68771764705878
Breckenridge,CO,39.4753,-106.0225
Kingman,AZ,35.219766666666665,-113.92976666666668
Delta,CO,38.7349,-108.0604
Cripple Creek,CO,38.8261,-105.1499
Fairplay,CO,39.2256,-105.9994
Fairfield,CA,38.2547,-122.0835
Santa Ana,CA,33.741383333333324,-117.86659166666664
Kiowa,CO,39.324,-104.4523
Independence,CA,36.8396,-118.2048
Leadville,CO,39.2497,-106.3015
Santa Rosa,CA,38.44508888888888,-122.70757777777777
Glenwood Springs,CO,39.52065,-107.32525
San Luis Obispo,CA,35.313775,-120.53068749999998
Markleeville,CA,38.7713,-119.8327
San Andreas,CA,38.1904,-120.6441
Sterling,CO,40.6306,-103.2212
Georgetown,DE,38.679,-75.3932
DeFuniak Springs,FL,30.726599999999998,-86.1617
Key West,FL,24.952566666666666,-81.50673333333333
Castle Rock,CO,39.4008,-104.87153333333333
Live Oak,FL,30.23575,-83.00739999999999
Largo,FL,27.69106666666666,-82.66142
Marianna,FL,30.744933333333336,-85.21456666666667
New Castle,DE,39.5787,-75.62424999999999
Sebring,FL,27.46896,-81.42816
BARTOW,FL,27.92555,-81.88220000000001
Calhoun,GA,34.4878,-84.84835000000001
Pueblo,CO,38.20168,-104.59025333333335
Carrollton,GA,33.59106,-85.076
Cleveland,GA,34.5839,-83.75
Blackshear,GA,31.2931,-82.2617
Douglasville,GA,33.709725000000006,-84.745575
Dawsonville,GA,34.4537,-84.155
Evans,GA,33.5412,-82.1398
Greensboro,GA,33.5637,-83.1702
Hinesville,GA,31.82905,-81.52215000000001
Greenville,GA,33.0468,-84.7402
Tallahassee,FL,30.4552,-84.2832
Jasper,GA,34.462,-84.4759
Shalimar,FL,30.4456,-86.5717
Port Charlotte,FL,26.987971428571427,-82.1366
Louisville,GA,33.0163,-82.3836
Pagosa Springs,CO,37.26135,-107.06585
Madison,GA,33.5947,-83.4618
Canton,GA,34.22793333333334,-84.46706666666667
Monroe,GA,33.81345,-83.70585
Wauchula,FL,27.5517,-81.8074
Atlanta,GA,33.82205749999999,-84.40095000000004
Metter,GA,32.401,-82.0607
Summerville,GA,34.4859,-85.3362
Sandersville,GA,32.975,-82.8406
Dover,DE,39.1361,-75.50001666666667
Trenton,GA,34.9017,-85.5171
Colquitt,GA,31.16745,-84.73095
Thomson,GA,33.4774,-82.4942
Decatur,GA,33.789840000000005,-84.2089
Nahunta,GA,31.1827,-81.9722
Woodbine,GA,30.9437,-81.6783
Adel,IA,41.6221,-94.038
Watkinsville,GA,33.8542,-83.408
Carroll,IA,42.072,-94.8667
Starke,FL,29.9583,-82.1185
Hartwell,GA,34.3571,-82.9296
Ellijay,GA,34.66366666666667,-84.44326666666667
Vero Beach,FL,27.659010000000002,-80.46711999999998
Dubuque,IA,42.492380000000004,-90.74228000000001
Cedar Rapids,IA,42.057300000000005,-91.6454142857143
Glenwood,IA,41.047,-95.7389
McDonough,GA,33.463899999999995,-84.10470000000001
Port St. Joe,FL,29.8118757,-85.302974
Nevada,IA,42.019,-93.4462
Blakely,GA,31.375500000000002,-84.9353
West Palm Beach,FL,26.70687142857143,-80.19534285714285
Red Oak,IA,41.019099999999995,-95.19155
Naples,FL,26.162636000000006,-81.69928
Zebulon,GA,33.1002,-84.3108
Waynesboro,GA,33.1013,-81.9908
Hailey,ID,43.5239,-114.3064
Iowa City,IA,41.637049999999995,-91.56553333333335
St Anthony,ID,43.966301,-111.682185
Eureka,IL,40.7152,-89.2706
Davenport,IA,41.56512,-90.58558000000002
Onawa,IA,42.037,-96.1072
Galena,IL,42.4182,-90.4195
Kankakee,IL,41.131550000000004,-87.8793
Leesburg,GA,31.6812,-84.1593
Savanah,GA,32.024765,-81.1409514
Lincoln,IL,41.09545,-88.704325
Anamosa,IA,42.1078,-91.2851
Morrison,IL,40.616,-89.71154999999999
Bloomington,IL,40.48185,-88.946875
Wailuku,HI,20.8966,-156.5036
Murphysboro,IL,37.7655,-89.3317
ottawa,IL,41.3526,-88.8416
Wapello,IA,41.207,-91.1719
Hamilton,GA,32.7418,-84.8848
Benton,IL,38.0,-88.9227
FAIRFIELD,IL,38.3782,-88.3593
Lihue,HI,21.9816,-159.3683
Rock Island,IL,41.53035,-90.58460000000001
Effingham,IL,39.1217,-88.5611
Mount Carroll,IL,42.1053,-89.9845
Tuscola,IL,39.7995,-88.2816
Monticello,IL,40.0263,-88.5686
Urbana,IL,40.096666666666664,-88.19913333333334
Joliet,IL,41.51335,-88.07075000000002
Greenfield,IN,39.7902,-85.8141
Nashville,IN,39.2367,-86.222
Morris,IL,41.161775,-89.31887499999999
Edwardsville,IL,38.76935,-89.95335
Garden City,KS,37.9769,-100.8621
Valparaiso,IN,41.47193333333333,-87.07333333333334
Burley,ID,42.5244,-113.7931
Pekin,IL,40.544349999999994,-89.634775
Greensburg,KS,37.6084,-99.3011
Peoria,IL,40.7289777777778,-89.6364416666667
Paola,KS,38.572,-94.8937
Shelbyville,IL,39.458,-88.8058
Mound City,KS,38.156,-94.8186
Springfield,IL,39.76484390243899,-89.61253414634137
Sharon Springs,KS,38.8857,-101.7431
Wheaton,IL,41.856049999999996,-88.10050000000001
Newton,KS,38.0597,-97.34540000000001
McLeansboro,IL,38.0933811,-88.5356076
Winfield,KS,37.2416,-96.98
Benton,KY,36.8806,-88.3548
Catlettsburg,KY,38.3799,-82.6321
Elizabethtown,KY,37.70415,-85.92765
DANVILLE,KY,37.6356,-84.81025
HENDERSON,KY,37.8173,-87.58115000000001
Brandenburg,KY,37.9662,-86.1084
Russellville,KY,36.8453,-86.8823
Versailles,KY,38.027966666666664,-84.73989999999999
La Grange,KY,38.40375,-85.42665
Belle Chasse,LA,29.6843,-89.89935
Jetmore,KS,38.0738,-99.9327
Nicholasville,KY,37.8735,-84.57204999999999
Goodland,KS,39.3491,-101.7164
Elmwood,LA,29.9565932,-90.1897975
Bardstown,KY,37.8084,-85.4613
Elkton,MD,39.61,-75.89654999999999
Centreville,MD,39.0564,-76.045
Livingston,LA,30.4741,-90.7673
Louisa,KY,38.1043,-82.6056
Olathe,KS,38.8899,-94.8149
Belfast,ME,44.4354,-69.0148
Gaylord,MI,45.02045,-84.64225
Barnstable,MA,41.699250000000006,-70.33605
Mandeville,LA,30.40426666666667,-89.9963
Manistee,MI,44.2635,-86.1825
Bel Air,MD,39.53485,-76.33585
Saint Joseph,MI,42.064,-86.4783
Escanaba,MI,45.7659,-87.089
Bessemer,MI,46.4802,-90.0515
Austin,MN,43.6695,-92.9784
Beulah,MI,44.6306,-86.0025
Prince Frederick,MD,38.5336,-76.5955
Kalamazoo,MI,42.28960000000001,-85.56931
Crookston,MN,47.7797,-96.5931
Carlton,MN,46.6484,-92.471
Paw Paw,MI,42.2349,-85.9005
Snow Hill,MD,38.1868,-75.405
Gaylord,MN,44.5463,-94.1955
Lapeer,MI,43.0579,-83.3332
Cambridge,MN,45.5576,-93.2889
Foley,MN,45.6919,-93.9148
Center City,MN,45.4482,-92.7894
International Falls,MN,48.40665,-93.4436
Oakland,MD,39.4339,-79.3167
Marshall,MI,42.23825,-84.9541
Grand Rapids,MN,47.136799999999994,-93.78476666666667
Litchfield,MN,45.1263,-94.5268
Le Center,MN,44.3853,-93.7214
Ludington,MI,43.9688,-86.4403
Madison,MN,44.60835,-94.9967
Montevideo,MN,44.9688,-95.6765
Saint James,MN,43.9875,-94.6229
Ada,MN,44.863499999999995,-94.55283333333334
Saint Peter,MN,44.3351,-93.9811
Wadena,MN,46.4401,-95.1283
Ann Arbor,MI,42.265325000000004,-83.7676875
Stillwater,MN,45.0412,-92.91555
Winona,MN,44.03,-91.7009
Benton,LA,32.6976,-93.691
Mankato,MN,44.12075,-94.05744999999999
Walker,MN,47.0878,-94.5847
Suttons Bay,MI,44.9656,-85.6423
Fergus Falls,MN,46.3442,-95.90195
BALDWIN,MI,43.8894,-85.8819
Portland,ME,44.22416923076923,-70.32066923076921
LaPlace,LA,30.0771675,-90.485784
Detroit,MI,42.30405576923078,-83.12798076923073
Sandusky,MI,43.4055,-82.8409
Bagley,MN,47.487,-95.4133
Pipestone,MN,43.9893,-96.2652
Saint Cloud,MN,45.532736363636374,-94.48280909090909
Grand Marais,MN,47.7758,-90.3391
Pineville,MO,36.574,-94.377
White Cloud,MI,43.5398,-85.7586
Carthage,MO,37.1597,-94.3112
Camdenton,MO,38.0185,-92.7677
Glencoe,MN,44.778,-94.1616
Collins,MS,32.1175,-89.2094
Hernando,MS,34.8096,-90.0095
Tuscumbia,MO,38.2181,-92.4461
Bozeman,MT,45.654585714285716,-111.02512857142857
Pine City,MN,45.8363,-92.9042
Columbus,MT,45.6262,-109.2571
Kawkawlin,MI,43.6794,-83.9927
Hamilton,MT,46.2395,-114.1679
Butte,MT,46.332466666666676,-112.6789
Hardin,MT,45.7498,-107.6075
Virginia City,MT,45.3256,-111.8681
Albemarle,NC,35.31075,-80.1563
Bolivia,NC,34.026,-78.1681
Burnsville,NC,35.903,-82.2876
New Madrid,MO,36.6073,-89.5366
Carthage,NC,35.3061,-79.3969
Camden,NC,36.325,-76.15
Beaufort,NC,34.758,-76.6228
Troy,MO,39.0012,-90.9624
Hillsborough,NC,36.0756,-79.0914
Lincolnton,NC,35.48495,-81.21065
Kenansville,NC,35.0152,-77.8969
Nashville,NC,35.9843,-77.9595
New Bern,NC,35.109260000000006,-77.05794
Louisburg,NC,36.0578,-78.2586
Statesville,NC,35.7313,-80.90893333333334
Smithfield,NC,35.5068,-78.3479
Graham,NC,36.031,-79.3814
Rutherfordton,NC,35.3706,-81.9781
Red Lodge,MT,45.238,-109.37205
Snow Hill,NC,35.4438,-77.6956
Trenton,NC,35.0745,-77.4595
Hillsboro,ND,47.3835,-97.0603
Currituck,NC,36.4398,-76.0055
Marion,NC,35.6819,-82.018
Medora,ND,46.9387,-103.5632
Raleigh,MS,32.0508,-89.5088
Newton,NC,35.439949999999996,-79.80095
Missoula,MT,46.943237499999995,-114.04305000000001
"Columbus, NC",NC,34.2814497,-78.666593
David City,NE,41.2207,-97.1572
Taylorsville,NC,35.901,-81.2124
Whiteville,NC,34.3241,-78.716
Sanford,NC,35.429766666666666,-79.19543333333334
Watford City,ND,47.8043,-103.2582
Raleigh,NC,35.81130000000002,-78.62851590909095
Wayne,NE,42.2304,-97.0186
Ossipee,NH,43.75816666666666,-71.14746666666666
Unity,NH,43.2928977,-72.2589414
Swanquarter,NC,35.4222,-76.2875
Cape May Court House,NJ,39.1378,-74.7806
Hastings,NE,40.58865,-98.39415
Yanceyville,NC,36.3907,-79.3465
Mount Holly,NJ,40.0086,-74.7896
Winton,NC,36.3826,-76.936
Ord,NE,41.619791666666664,-99.50079166666667
Woodbury,NJ,39.8181,-75.14135
Carlsbad,NM,32.37695,-104.26660000000001
Toms River,NJ,39.94746,-74.21418
Clinton,NC,35.004549999999995,-78.30185
Silver City,NM,32.759100000000004,-108.2064
Dover,NH,43.35901666666667,-71.40885000000002
Fallon,NV,39.5113,-118.65736666666668
Winnemucca,NV,41.0214,-117.75345
Scottsbluff,NE,41.8615,-103.6846
Bath,NY,42.3575,-77.3028
Carrizozo,NM,33.6496,-105.8696
Morristown,NJ,40.8274,-74.521675
Lovington,NM,32.9512,-103.3488
Geneseo,NY,42.7938,-77.7996
Fort Edward,NY,43.2653,-73.5822
North Haverhill,NH,44.0978,-72.0191
Belmont,NY,42.2334,-78.011
Goshen,NY,41.3946,-74.3302
Hudson,NY,41.95894166666667,-73.87565000000001
Lyons,NY,43.35195,-76.17245
Lowville,NY,43.00015,-74.5513
West Stewartstown,NH,44.6956,-71.3874
Mineola,NY,40.7469,-73.6398
Johnstown,NY,43.0069,-74.3715
Penn Yan,NY,42.6645,-77.0569
Elizabethtown,NY,44.2245,-73.6011
Coxsackie,NY,42.3765,-73.8241
Tucumcari,NM,35.168,-103.7179
Waterloo,NY,42.9045,-76.8755
Bryan,OH,41.4748,-84.5629
Lake George,NY,43.4167,-73.6975
Herkimer,NY,43.0307,-74.9876
Utica,NY,43.12636666666666,-75.31081666666667
Albion,NY,43.2398,-78.2068
Minden,NV,39.0218,-119.7314
Mayville,NY,42.2409,-79.4963
Alliance,NE,42.1149,-102.888
New Lebanon,NY,42.4759,-73.3773
Schoharie,NY,42.6615,-74.3047
Canton,NY,44.5924,-75.1628
Auburn,NE,40.3789,-95.8526
Elyria,OH,41.38695,-82.0911
Bellefontaine,OH,40.3605,-83.7571
Albion,NE,41.7049,-97.9991
Elwood,NE,40.5747,-99.8258
Jefferson,OH,40.4164,-82.9257
Catskill,NY,42.2276,-73.8985
Little Valley,NY,42.2541,-78.8093
Chappell,NE,41.0966,-102.4523
Beatrice,NE,40.2705,-96.7435
Napoleon,OH,41.391,-84.1433
Hartington,NE,42.6235,-97.2837
Lancaster,OH,39.7187,-82.6031
Broken Bow,NE,41.4126,-99.6355
Harrison,NE,42.3946,-103.8318
Marysville,OH,40.2773,-83.3614
Fullerton,NE,41.366,-98.0054
Painesville,OH,41.7079,-81.199
McCook,NE,40.2006859,-100.6257666
Nelson,NE,40.201,-98.0684
Geneva,NE,40.5277,-97.6096
Hyannis,NE,42.007,-101.7483
Franklin,NE,40.1052,-98.9469
Toledo,OH,41.675277142857134,-83.52580285714288
Mullen,NE,42.0163,-101.0542
Pawnee City,NE,40.1093,-96.1509
Schuyler,NE,41.4591,-97.0628
Pierce,NE,42.1943,-97.5256
Valentine,NE,42.8062,-100.6215
Tekamah,NE,41.7819,-96.2281
Thedford,NE,41.9794,-100.5574
Pender,NE,42.1177,-96.7189
Mansfield,OH,40.722633333333334,-82.6305
Marion,OH,40.58632,-83.1207
McConnelsville,OH,39.6487744,-81.8533701
Ponca,NE,42.5693,-96.7128
Wilber,NE,40.4821,-96.9757
Falls City,NE,40.0742,-95.5931
Shawnee,OK,35.3494,-96.95093333333334
McMinnville,OR,45.2097,-123.2043
Prineville,OR,44.3044,-120.8336
Klamath Falls,OR,42.43006666666667,-121.7086
Butler,PA,40.857025,-79.8754
Bellefonte,PA,40.8978,-77.7732
Clearfield,PA,41.021,-78.4435
Franklin,PA,40.739900000000006,-78.4294
Doylestown,PA,40.32655,-75.12285
Seward,NE,40.9066,-97.0966
Carlisle,PA,40.209450000000004,-77.21475000000001
Bend,OR,43.89908333333333,-121.71343333333334
Honesdale,PA,41.5792,-75.2528
Greensburg,PA,40.3426,-79.474
La Grande,OR,45.3304,-118.0852
Danville,PA,40.97365,-76.6139
Mifflintown,PA,40.5727,-77.3761
Erie,PA,42.14953666666666,-80.07223666666668
York,PA,39.97700833333334,-76.74443333333333
Warren,PA,41.244228571428565,-79.13885714285713
Towanda,PA,41.7638,-76.4645
Barnwell,SC,33.2335,-81.3523
Waynesburg,PA,39.8917,-80.1795
Aiken,SC,33.59285,-81.64191666666666
Beaver,PA,40.71411428571429,-78.11651428571429
Coudersport,PA,41.7762,-77.9567
Huntingdon,PA,40.3444,-77.01089999999999
Media,PA,39.92463333333333,-75.39706666666667
Lancaster,SC,34.738566666666664,-80.73406666666666
Canton,SD,43.3038,-96.5938
Pickens,SC,34.9024,-82.7058
Lebanon,PA,40.4322,-77.39223333333332
Gettysburg,PA,39.8634,-77.2179
Hood River,OR,45.6711,-121.5391
York,SC,34.9947,-81.2245
New Castle,PA,40.99218333333334,-80.33161666666668
Spartanburg,SC,34.952189999999995,-81.9357
Beaufort,SC,32.39768333333333,-80.67731666666667
Columbia,TN,35.6225,-87.0531
Easton,PA,40.71568,-75.26812
Sunbury,PA,40.92885,-78.32635
Stroudsburg,PA,41.03933333333333,-75.18023333333333
Reading,PA,40.352915384615386,-75.9496
Ebensburg,PA,40.4801,-78.7263
Franklin,TN,35.91884,-86.87678
Washington,PA,40.44296666666666,-77.20645
Gold beach,OR,42.4101,-124.3344
Jackson,TN,35.623783333333336,-88.83448333333332
Blountville,TN,36.5356,-82.3656
Conway,SC,33.86386666666667,-79.04073333333334
Williamsport,PA,41.28165,-77.01504999999999
Lebanon,TN,36.1615,-86.29010000000001
Laurens,SC,34.5289,-82.0551
North Charleston,SC,32.8932,-80.04656666666666
Lewisburg,TN,35.4596,-86.7812
Maryville,TN,35.717425,-83.97287499999999
Newberry,SC,34.2847,-81.6157
Clinton,TN,36.09845,-84.17845
Centerville,TN,35.7797,-87.4775
Chambersburg,PA,39.919250000000005,-77.64695
Elizabethton,TN,36.39055,-82.12665
Sparta,TN,35.9439,-85.4392
Jim Thorpe,PA,40.87,-75.7397
Anahuac,TX,29.662,-94.593
Waverly,TN,36.0997,-87.7991
Spencer,TN,35.7279,-85.4287
Indiana,PA,40.6298,-79.1445
Bamberg,SC,33.2779,-81.0177
Loudon,TN,35.7292,-84.3436
Decatur,TX,33.2351,-97.574
Manning,SC,33.6184,-80.2116
Fredericksburg,TX,30.2817,-98.8799
Madisonville,TN,35.4916,-84.3395
Denton,TX,33.20856,-97.11903
Eastland,TX,32.3994,-98.8071
Sevierville,TN,35.855133333333335,-83.5439
Meridian,TX,31.929,-97.6443
Pulaski,TN,35.2093,-87.0393
Livingston,TX,30.7504,-94.88335000000001
Nacogdoches,TX,31.65168,-94.6163
NEW BRAUNFELS,TX,29.754275,-98.174525
Morristown,TN,36.211775,-83.284425
Richmond,TX,29.61906666666667,-95.7527
Beaver,UT,38.2807,-112.6299
Bay City,TX,28.8309,-95.7842
Anderson,TX,30.333199999999998,-99.1996
Brigham City,UT,41.5079,-112.0152
Manila,UT,40.9685,-109.7235
Manti,UT,39.2354,-111.6514
Marshall,TX,32.52433333333334,-94.35883333333334
Hamilton,TX,31.6781,-98.1131
Appomattox,VA,37.353,-78.8224
Bastrop,TX,30.1388,-97.2921
Accomac,VA,37.7159,-75.6803
Chatham,VA,36.831,-79.4297
Front Royal,VA,38.922399999999996,-78.18709999999999
Gate City,VA,36.646,-82.6112
Independence,VA,36.6294,-81.1582
Halifax,VA,36.7626,-78.9415
Brenham,TX,30.204349999999998,-96.3466
Austin,TX,30.319982142857118,-97.75777738095249
Lebanon,VA,36.8809,-82.0956
King William,VA,37.7202,-77.0998
Christiansburg,VA,37.14505,-80.4186
King George,VA,38.2811,-77.126
Leesburg,VA,39.1139,-77.59628000000001
Mathews,VA,37.4383,-76.3544
Louisa,VA,38.0132,-78.0347
Parowan,UT,37.8449,-112.8323
Fillmore,UT,38.9805,-112.3313
Orange,VA,38.2192,-78.0461
Rocky Mount,VA,36.9891,-79.884
Bland,VA,37.1376,-81.0201
Stanardsville,VA,38.3121,-78.482
Surry,VA,37.126,-76.7651
Asotin,WA,46.1343,-117.0015
Colfax,WA,46.88,-117.367
Tappahannock,VA,37.9146,-76.9125
Dayton,WA,46.3075,-117.9738
Coupeville,WA,48.2189,-122.6823
Henrico,VA,37.5131191,-77.3465081
Stafford,VA,38.1492,-78.28399999999999
Daleville,VA,37.4125,-79.9211
Port Angeles,WA,48.0811,-123.6781
Pasco,WA,46.2421,-119.09935
Okanogan,WA,48.3513,-119.6046
Hillsville,VA,36.7442,-80.7197
Waterville,WA,47.6295,-119.9887
Alma,WI,44.4373,-91.37174999999999
Spokane,WA,47.66347419354841,-117.4130161290323
Colville,WA,48.578,-117.8645
HAYWARD,WI,45.9552,-91.2783
Washington,VA,38.7078,-78.1566
Port Washington,WI,43.3955,-87.8797
Madison,WI,43.072112820512835,-89.4045384615384
Arlington,VA,38.813796969696966,-77.07913939393937
Charlotte Courthouse,VA,37.0562109,-78.637659
Yorktown,VA,37.19365,-76.499825
Barron,WI,45.50975,-91.9348
Waukesha,WI,42.995599999999996,-88.27234999999999
Prince George,VA,37.2333,-77.2747
New Castle,VA,37.4871,-80.1704
Kingwood,WV,39.4819,-79.7063
Chehalis,WA,46.6382,-122.9658
Isle of Wight,VA,36.8989,-76.6877
Jefferson,WI,43.0006,-88.8078
Eau Claire,WI,44.781733333333335,-91.42983333333332
Douglas,WY,42.7626,-105.3855
Prosser,WA,46.2232,-119.771
Pinedale,WY,42.8543,-109.8561
Randolph,UT,41.6563,-111.1856
Laramie,WY,41.53478333333333,-105.57379999999999
Montesano,WA,47.0901,-123.5006
Walla Walla,WA,46.0614,-118.3315
Marinette,WI,45.0874,-87.6697
Sussex,VA,36.9457,-77.2539
Balsam Lake,WI,45.4588,-92.415
Lander,WY,42.9208,-108.5913
Green River,WY,41.5196,-109.4714
Elk Grove,CA,38.41565,-121.400375
Nashville,AR,33.9576,-93.8707
Neillsville,WI,44.5494,-90.6112
Calabasas,CA,33.96425,-118.48140000000001
Cheyenne,WY,41.24555000000001,-104.717
Burlingame,CA,37.44310000000001,-122.34573333333333
PATTERSON,CA,37.4826,-121.1648
Rancho Cucamonga,CA,34.28036,-117.25192
Yuma,AZ,32.68579999999999,-114.44864
Lake Arrowhead,CA,34.2606,-117.2016
Montello,WI,43.769,-89.3586
El Cajon,CA,32.88442,-116.89998
San Rafael,CA,38.032333333333334,-122.60721666666666
CONCORD,CA,37.894925,-121.984175
Diamond Bar,CA,34.0066,-117.8098
Davis,CA,39.56456666666667,-121.39826666666666
Highland,CA,36.4136,-119.25919999999999
Rancho Cordova,CA,38.59587500000001,-121.27365
Orange,CA,34.187310000000004,-118.07665
Folsom,CA,38.67445,-121.16395
"San Bernardino, CA",CA,34.8253019,-116.0833144
Novato,CA,38.10832,-122.56751999999999
Fort Pierce,FL,27.427990909090912,-80.37111818181819
Bartlett,IL,41.9794,-88.2063
West Sacramento,CA,38.57795,-121.546175
Westminster,CA,33.755966666666666,-117.99873333333333
Washington,DC,38.895925827814516,-77.0195413907284
Hartford,CT,41.78492291666665,-72.71146666666671
Berthoud,CO,40.2993,-105.1055
Denver,CO,39.74110657894738,-104.83664868421056
Evergreen,CO,39.5797,-105.28205
Nampa,ID,43.60268,-116.61212
Mantorville,MN,44.0657,-92.76
West St. Paul,MN,44.9101545,-93.0802073
Spring Valley,CA,32.872675,-116.9123
West Chicago,IL,41.864149999999995,-88.14545000000001
San Francisco,CA,37.764409210526274,-122.5950618421052
Indianapolis,IN,39.7971177419355,-86.13779193548392
"Prudenville,  MI",MI,44.2983513,-84.6519671
Salem,MO,37.617,-91.5258
Leland,NC,34.268,-78.0578
Mountain Iron,MN,47.5133,-92.6243
Eastchester,NY,40.955,-73.8086
St. Charles,MO,38.7877791,-90.6747372
Great Neck,NY,40.7745625,-73.66612500000001
Battlefield,MO,37.1154066,-93.3642696
Sartell,MN,45.6318,-94.2136
Monmouth Beach,NJ,40.333,-73.9809
Deptford,NJ,39.8271755,-75.1235892
London,OH,40.08766666666667,-82.8746
Farmingdale,NJ,40.2043,-74.1779
Athens,OH,39.75085,-81.54895
White Plains,NY,41.070018181818185,-73.7508
Baldwin,NY,41.71963333333334,-74.5596
Hartsdale,NY,41.0197,-73.8074
Canby,OR,45.2514,-122.6832
Mountain City,TN,36.4657,-81.814
Dickson,TN,36.111450000000005,-87.37625
South Kingstown,RI,41.454944,-71.5394738
Darrouzett,TX,36.4453,-100.3254
Argyle,TX,33.1062,-97.16
Clute,TX,29.0325,-95.4026
"Salem, OR",OR,44.9391565,-123.033121
Farr West,UT,41.2921823,-112.0250017
Spring,TX,30.984054545454534,-97.06364545454542
Franklin,TX,32.2371,-96.13810000000001
South Jordan,UT,40.5541,-111.9539
Layton,UT,41.08625,-111.94890000000001
Chesapeake,VA,36.75075555555556,-76.28296666666668
Cottonwood Heights,UT,40.613474,-111.8256464
West Jordan,UT,40.608333333333334,-111.99106666666667
Bellingham,WA,48.77424,-122.26458
Seattle,WA,47.54428059701491,-122.1496164179104
Taylorsville,UT,40.6676347,-111.9388027
Hanover,VA,37.7701,-77.3216
Verona,VA,38.2037,-79.0059
Marriott-Slaterville,UT,41.2679264,-112.018179
Magna,UT,40.7009,-112.0809
Spanish Fork,UT,40.1099,-111.6462
St. Thomas,VI,18.3429082,-64.9188997
MIDWAY,UT,40.5093,-111.4776
West Valley City,UT,40.6967891,-111.9866954
Teton Village,WY,43.5924,-110.8314
Chester,NH,43.04516666666667,-71.54724444444444
REDDING,CA,40.6302,-122.35958000000001
