domain,org,city,state,type,qid,website
carthagetigers.org,Carthage R-9 School District,Carthage R-9,MO,School district,Q55106571,https://www.carthagetigers.org/
bamberg1.schoolinsites.com,Bamberg School District One,South Carolina,SC,School district,Q55106615,http://bamberg1.schoolinsites.com/
hamburgcsd.org,Hamburg Community School District,Hamburg,IA,School district,Q55106658,http://www.hamburgcsd.org/
diagonal.k12.ia.us,Diagonal Community School District,Diagonal,IA,School district,Q55106688,https://www.diagonal.k12.ia.us
abss.k12.nc.us,Alamance-Burlington School System,North Carolina,NC,School district,Q4705808,https://www.abss.k12.nc.us/
acsd1.org,Albany County School District Number 1,Albany County,WY,School district,Q4709305,https://www.acsd1.org/
alcornschools.org,Alcorn School District,Alcorn,MS,School district,Q4713364,https://www.alcornschools.org/
beaufortschools.net,Beaufort County School District,Beaufort,SC,School district,Q4877467,https://www.beaufortschools.net/
benton.k12.ia.us,Benton Community School District,Benton,IA,School district,Q4890552,http://www.benton.k12.ia.us/
bethel.k12.or.us,Bethel School District,Bethel,OR,School district,Q4897930,https://www.bethel.k12.or.us/
bismarckschools.org,Bismarck Public Schools,Bismarck,ND,School district,Q4918310,https://www.bismarckschools.org/
bogschools.org,Bogalusa School Board,Bogalusa,LA,School district,Q4937354,http://www.bogschools.org/
cpsb.org,Calcasieu Parish School Board,Calcasieu Parish,LA,School district,Q5018705,http://www.cpsb.org/
caldwelledu.org,Caldwell Parish School Board,Columbia,LA,School district,Q5019164,https://www.caldwelledu.org/
ccsd.k12.wy.us,Campbell County School District Number 1,Wyoming,WY,School district,Q5028046,https://www.ccsd.k12.wy.us/
crschools.us,Cedar Rapids Community School District,Cedar Rapids,IA,School district,Q5056847,https://crschools.us/
csd28j.org,Centennial School District,Centennial,OR,School district,Q5059212,https://www.csd28j.org/
central301.net,Central Community Unit School District 301,Illinois,IL,School district,Q5060628,https://central301.net/
cusd80.com,Chandler Unified School District,Chandler,AZ,School district,Q5071194,https://www.cusd80.com/
cherrycreekschools.org,Cherry Creek School District,Cherry Creek,CO,School district,Q5092329,https://www.cherrycreekschools.org/
chinovalleyschools.com,Chino Valley Unified School District,Chino Valley,AZ,School district,Q5101223,https://www.chinovalleyschools.com/
newpal.k12.in.us,Community School Corporation of Southern Hancock County,Community School Corporation of Southern Hancock,IN,School district,Q55608200,http://www.newpal.k12.in.us/
laurens-marathon.k12.ia.us,Laurens-Marathon Community School District,Laurens-Marathon,IA,School district,Q56063782,https://www.laurens-marathon.k12.ia.us
claycentraleverly.org,Clay Central-Everly Community School District,Clay Central-Everly,IA,School district,Q56063844,http://www.claycentraleverly.org
iberiaschools.org,Iberia Parish School System,Iberia Parish,LA,School district,Q5983836,https://www.iberiaschools.org/
isdschools.org,Independence Public School District,Independence,MO,School district,Q6016172,https://www.isdschools.org/
jeffcopublicschools.org,Jefferson County Public Schools,Jefferson County,CO,School district,Q6175439,https://jeffcopublicschools.org
jths.org,Joliet Township High School District 204,Joliet,IL,School district,Q6269999,https://www.jths.org/
lpssonline.com,Lafayette Parish School System,Lafayette Parish,LA,School district,Q6471479,http://www.lpssonline.com/
lancsd.org,Lancaster School District,Lancaster,CA,School district,Q6483250,https://www.lancsd.org/
laramie1.org,Laramie County School District Number 1,Laramie County,WY,School district,Q6488659,https://www.laramie1.org/
lawrence.org,Lawrence Public Schools,Lawrence,NY,School district,Q6504502,https://www.lawrence.org/
usd497.org,Lawrence USD 497,Kansas,KS,School district,Q6504687,https://www.usd497.org
leakesd.org,Leake County School District,Leake,MS,School district,Q6509312,https://www.leakesd.org/
lcsd2.org,Lincoln County School District Number 2,Lincoln County,WY,School district,Q6550633,http://www.lcsd2.org
lowndes.k12.ms.us,Lowndes County School District,Lowndes,MS,School district,Q6694120,http://www.lowndes.k12.ms.us/
maine207.org,Maine Township High School District 207,Cook County,IL,School district,Q6736527,https://www.maine207.org/
maple-valley.k12.nd.us,Maple Valley Public School District,Maple Valley,ND,School district,Q6754001,http://www.maple-valley.k12.nd.us
unit5.org,McLean County Unit District No. 5,McLean County,IL,School district,Q6802137,https://www.unit5.org/
monaca.k12.pa.us,Monaca School District,Monaca,PA,School district,Q6897750,http://www.monaca.k12.pa.us/
niles-hs.k12.il.us,Niles Township High School District 219,Illinois,IL,School district,Q7037048,https://www.niles-hs.k12.il.us/
op97.org,Oak Park Elementary School District 97,Illinois,IL,School district,Q7073660,https://www.op97.org/
unpsk-12.org,Umoⁿhoⁿ Nation Public Schools,Umoⁿhoⁿ Nation,NE,School district,Q7089433,http://www.unpsk-12.org/
orient-macks.k12.ia.us,Orient-Macksburg School District,Orient-Macksburg,IA,School district,Q7102274,http://www.orient-macks.k12.ia.us/
opsb.net,Ouachita Parish School Board,Ouachita Parish,LA,School district,Q7110145,http://www.opsb.net/
peoriaunified.org,Peoria Unified School District,Peoria,AZ,School district,Q7166160,https://www.peoriaunified.org/
psdschools.org,Poudre School District,Poudre,CO,School district,Q7235468,https://www.psdschools.org/
richland2.org,Richland County School District Two,Columbia,SC,School district,Q7330621,https://www.richland2.org/
wcr7.org,School District of Webb City R-7,Missouri,MO,School district,Q7432246,https://www.wcr7.org/
geneseeisd.org,Genesee Intermediate School District,Genesee Intermediate,MI,School district,Q5532728,https://www.geneseeisd.org/
kentisd.org,Kent Intermediate School District,Kent Intermediate,MI,School district,Q6391785,http://www.kentisd.org
muskegonisd.org,Muskegon Area Intermediate School District,Muskegon Area Intermediate,MI,School district,Q6942747,https://www.muskegonisd.org/
tbaisd.org,Traverse Bay Area Intermediate School District,Traverse Bay Area Intermediate,MI,School district,Q7836148,https://www.tbaisd.org/
sisd.cc,Saginaw Intermediate School District,Saginaw Intermediate,MI,School district,Q16900321,http://www.sisd.cc/
baisd.net,Bay–Arenac Intermediate School District,Bay–Arenac Intermediate,MI,School district,Q20021309,https://www.baisd.net/
wmisd.org,Wexford–Missaukee Intermediate School District,Wexford–Missaukee Intermediate,MI,School district,Q21387671,http://www.wmisd.org/
washtenawisd.org,Washtenaw Intermediate School District,Washtenaw Intermediate,MI,School district,Q21396104,http://washtenawisd.org/
manistee.org,Manistee Intermediate School District,Manistee Intermediate,MI,School district,Q21400495,http://www.manistee.org/
tisd.k12.mi.us,Tuscola Intermediate School District,Tuscola Intermediate,MI,School district,Q21400518,http://www.tisd.k12.mi.us/
knappa.k12.or.us,Knappa School District No. 4,Clatsop County,OR,School district,Q66661666,http://www.knappa.k12.or.us/
brookings.k12.or.us,Brookings-Harbor School District No. 17C,Curry County,OR,School district,Q66987254,https://www.brookings.k12.or.us/
pickens.k12.sc.us,School District of Pickens County,School District of Pickens,SC,School district,Q135006183,https://pickens.k12.sc.us/
vallelindo.k12.ca.us,Valle Lindo School District,Valle Lindo,CA,School district,Q138820180,https://www.vallelindo.k12.ca.us/
mtnhomesd.org,Mountain Home School District 193,Idaho,ID,School district,Q139919647,https://www.mtnhomesd.org/
cps.k12.tn.us,Chattanooga City Schools,Chattanooga,TN,School district,Q140067642,http://www.cps.k12.tn.us/
usd101.com,Erie-Galesburg USD 101,Kansas,KS,School district,Q140085383,https://www.usd101.com/
inghamisd.org,Ingham Intermediate School District,Ingham Intermediate,MI,School district,Q140303289,https://www.inghamisd.org/
hcpss.org,Howard County Public School System,Howard County,MD,School district,Q217910,http://www.hcpss.org/
schools.nyc.gov,New York City Public Schools,New York City,NY,School district,Q408230,https://schools.nyc.gov
hcisd.org,Harlingen Consolidated Independent School District,Harlingen Consolidated,TX,School district,Q578891,https://www.hcisd.org/
hawaiipublicschools.org,Hawaii State Department of Education,Hawaii,HI,School district,Q597671,http://www.hawaiipublicschools.org/
mcpss.com,Mobile County Public School System,Mobile County,AL,School district,Q932318,https://www.mcpss.com/
ecisd.us,Edinburg Consolidated Independent School District,Edinburg Consolidated,TX,School district,Q2844119,https://www.ecisd.us
kcpublicschools.org,Kansas City Public Schools,Kansas City,MO,School district,Q2876992,https://www.kcpublicschools.org/
webbcisd.org,Webb Consolidated Independent School District,Webb Consolidated,TX,School district,Q2919186,http://www.webbcisd.org/site/default.aspx?PageID=1
u-46.org,Elgin Area School District U46,Illinois,IL,School district,Q2919833,https://www.u-46.org/
cps.edu,Chicago Public Schools,Chicago,IL,School district,Q2963340,https://www.cps.edu/
dpsk12.org,Denver Public Schools,Denver,CO,School district,Q3023385,https://www.dpsk12.org/
seattleschools.org,Seattle Public Schools,Seattle,WA,School district,Q3236113,https://www.seattleschools.org/
wfsd.k12.ny.us,William Floyd School District,William Floyd,NY,School district,Q3568613,http://www.wfsd.k12.ny.us
beaverton.k12.or.us,Beaverton School District,Beaverton,OR,School district,Q3791363,https://www.beaverton.k12.or.us/
ddouglas.k12.or.us,David Douglas School District,David Douglas,OR,School district,Q4525304,https://www.ddouglas.k12.or.us/
aberdeen.k12.sd.us,Aberdeen School District,Aberdeen,SD,School district,Q4666979,http://www.aberdeen.k12.sd.us
asd20.org,Academy School District 20,Colorado,CO,School district,Q4671379,https://www.asd20.org/
novinger.k12.mo.us,Adair County R-1 School District,Adair County R-1,MO,School district,Q4678469,https://www.novinger.k12.mo.us
aguafria.org,Agua Fria Union High School District,Agua Fria Union High,AZ,School district,Q4694442,http://www.aguafria.org
aguilarschools.org,Aguilar Reorganized School District RE-6,Aguilar,CO,School district,Q4694544,http://www.aguilarschools.org
sikestonr6.org,Sikeston School District,Sikeston,MO,School district,Q7513632,https://www.sikestonr6.org/
d214.org,Township High School District 214,Illinois,IL,School district,Q7830252,https://www.d214.org/
unionps.org,Union Public Schools,Union,OK,School district,Q7885977,http://www.unionps.org/
wps60.org,Waukegan Community Unit School District 60,Illinois,IL,School district,Q7975148,https://www.wps60.org/
helenaschools.org,Helena Public School District,Helena,MT,School district,Q14704554,https://helenaschools.org
ncsd.school,Nevada City School District,Nevada City,CA,School district,Q16941429,https://www.ncsd.school/
mcsk12.net,Memphis City Schools,Tennessee,TN,School district,Q16951443,http://www.mcsk12.net
ccsd15.net,Community Consolidated School District 15,Illinois,IL,School district,Q16959009,https://www.ccsd15.net/
district65.net,Evanston/Skokie Community Consolidated School District 65,Cook County,IL,School district,Q16992798,https://www.district65.net/
hbcsd.org,Hermosa Beach City School District,Hermosa Beach City,CA,School district,Q16995275,https://www.hbcsd.org/
ccsd21.org,Wheeling Community Consolidated School District 21,Illinois,IL,School district,Q17091399,https://ccsd21.org/
joliet86.org,Joliet Public Schools District 86,Illinois,IL,School district,Q20747231,https://www.joliet86.org
lisle202.org,Lisle Community Unit School District 202,Lisle,IL,School district,Q26258565,https://www.lisle202.org/
n-winn.k12.ia.us,North Winneshiek Community School District,North Winneshiek,IA,School district,Q28449579,http://www.n-winn.k12.ia.us/
daytonk12.org,Dayton School District,Dayton,OR,School district,Q30285893,https://www.daytonk12.org
nauvoo-colusa.com,Nauvoo-Colusa Community Unit School District 325,Hancock County,IL,School district,Q30686664,http://nauvoo-colusa.com
genie.arsc.k12.ar.us,Altheimer Unified School District,Altheimer,AR,School district,Q39047671,http://genie.arsc.k12.ar.us/alt/index.htm
lex3.org,Lexington County School District Three,Lexington County,SC,School district,Q39047746,https://www.lex3.org
luverne.k12.ia.us,Lu Verne Community School District,Lu Verne,IA,School district,Q56278132,http://www.luverne.k12.ia.us/
festus.k12.mo.us,Festus R-IV School District,Festus R-IV,MO,School district,Q60744109,http://www.festus.k12.mo.us/
rvraptors.org,Schaller-Crestland Community School District,Schaller-Crestland,IA,School district,Q60751401,https://rvraptors.org/
northbutler.org,North Butler Community School District,North Butler,IA,School district,Q60768770,https://www.northbutler.org
usd396.net,Douglass USD 396,Kansas,KS,School district,Q60785265,https://www.usd396.net/
derbyschools.com,Derby USD 260,Kansas,KS,School district,Q60785275,https://www.derbyschools.com/
goddardusd.com,Goddard USD 265,Kansas,KS,School district,Q60785277,https://www.goddardusd.com/
apl-park.k12.ia.us,Aplington-Parkersburg Community School District,Aplington-Parkersburg,IA,School district,Q62596199,http://www.apl-park.k12.ia.us/
glcsd.org,Greenwood-Leflore Consolidated School District,Greenwood-Leflore,MS,School district,Q65044479,https://www.glcsd.org/
d11.org,Colorado Springs School District 11,Colorado Springs,CO,School district,Q5148934,https://www.d11.org/
cpsk12.org,Columbia Public Schools,Columbia,MO,School district,Q5149802,https://www.cpsk12.org/
columbuscityschools.org,Columbus Municipal School District,Columbus Municipal,MS,School district,Q5150084,https://www.columbuscityschools.org/
ccsd59.org,Community Consolidated School District 59,Illinois,IL,School district,Q5154702,https://www.ccsd59.org/
d62.org,Community Consolidated School District 62,Illinois,IL,School district,Q5154703,https://www.d62.org
cusd200.org,Community Unit School District 200,Wheaton,IL,School district,Q5154901,https://www.cusd200.org/
dmschools.org,Des Moines Public Schools,Des Moines,IA,School district,Q5263525,https://www.dmschools.org/
dollarwayschools.org,Dollarway School District,Dollarway,AR,School district,Q5289261,https://www.dollarwayschools.org/
dcsdk12.org,Douglas County School District RE-1,Castle Rock,CO,School district,Q5301378,https://www.dcsdk12.org/
dbqschools.org,Dubuque Community School District,Dubuque,IA,School district,Q5311170,https://www.dbqschools.org/
emsisd.com,Eagle Mountain-Saginaw Independent School District,Eagle Mountain-Saginaw,TX,School district,Q5325166,https://www.emsisd.com/
ewcsd.org,East Whittier City School District,East Whittier City,CA,School district,Q5329678,https://www.ewcsd.org/
egyptianschool.com,Egyptian Community Unit School District 5,Alexander County,IL,School district,Q5348394,https://egyptianschool.com
4j.lane.edu,Eugene School District,Eugene,OR,School district,Q5407736,https://4j.lane.edu/
evergreenps.org,Evergreen Public Schools,Evergreen,WA,School district,Q5417238,https://www.evergreenps.org/
d49.org,Falcon School District 49,Colorado,CO,School district,Q5431765,https://www.d49.org/
fargo.k12.nd.us,Fargo Public Schools,Fargo,ND,School district,Q5435117,https://www.fargo.k12.nd.us/
fergflor.org,Ferguson-Florissant School District,Ferguson-Florissant,MO,School district,Q5444222,https://www.fergflor.org/
fgsdk12.org,Forest Grove School District,Forest Grove,OR,School district,Q5468891,https://www.fgsdk12.org/
fvsd.us,Fountain Valley School District,Fountain Valley,CA,School district,Q5474779,https://www.fvsd.us/
fullertonsd.org,Fullerton School District,Fullerton,CA,School district,Q5508305,https://www.fullertonsd.org
gmcs.org,Gallup-McKinley County Schools,Gallup,NM,School district,Q5519225,https://www.gmcs.org
garvey.k12.ca.us,Garvey School District,Garvey,CA,School district,Q5524529,https://www.garvey.k12.ca.us/
glenview34.org,Glenview Community Consolidated School District 34,Cook County,IL,School district,Q5569395,https://www.glenview34.org/
grantspass.k12.or.us,Grants Pass School District,Grants Pass,OR,School district,Q5596680,https://www.grantspass.k12.or.us/
albany.k12.or.us,Greater Albany Public School District,Greater Albany,OR,School district,Q5600421,https://albany.k12.or.us/
gresham.k12.or.us,Gresham-Barlow School District,Gresham-Barlow,OR,School district,Q5607569,https://www.gresham.k12.or.us/
hsd2.org,Harrison School District 2,Colorado Springs,CO,School district,Q5665847,https://www.hsd2.org/
hsd.k12.or.us,Hillsboro School District,Hillsboro,OR,School district,Q5763596,https://www.hsd.k12.or.us/
kckschools.org,"Kansas City, Kansas Public Schools","Kansas City, Kansas",KS,School district,Q5856329,https://kckschools.org
sd163.com,Park Forest-Chicago Heights School District 163,Cook County,IL,School district,Q97347189,https://www.sd163.com/
kidsrsu.org,Kennebec Intra-District Schools,Maine,ME,School district,Q107260150,https://www.kidsrsu.org/
vernon.k12.az.us,Vernon Elementary School District,Vernon Elementary,AZ,School district,Q107535342,https://www.vernon.k12.az.us/
kirklandaz.org,Kirkland Elementary School District,Kirkland Elementary,AZ,School district,Q107645705,https://www.kirklandaz.org/
olcsd.com,Oglala Lakota County School District,Oglala Lakota,SD,School district,Q108049159,https://www.olcsd.com/
dg58.org,Downers Grove Grade School District 58,Illinois,IL,School district,Q110810727,https://www.dg58.org/
congressdistrict.org,Congress Elementary School District,Congress Elementary,AZ,School district,Q110895732,https://www.congressdistrict.org/
bartow.k12.ga.us,Bartow County School System,Georgia,GA,School district,Q111352361,https://www.bartow.k12.ga.us/
jccentral.org,Johnson County Central Public Schools,Johnson County Central,NE,School district,Q115484249,https://www.jccentral.org/
posen.k12.mi.us,Posen Consolidated School District,Posen,MI,School district,Q125604655,https://posen.k12.mi.us/
bambergschools.org,Bamberg County School District,Bamberg,SC,School district,Q126219362,https://www.bambergschools.org/
carmischools.org,Carmi-White County Community Unit School District 5,Illinois,IL,School district,Q126666556,https://www.carmischools.org/
acpsd.net,Aiken County Public School District,Aiken County,SC,School district,Q130643407,https://www.acpsd.net/
peoriapublicschools.org,Peoria Public Schools,Peoria,IL,School district,Q130771956,https://www.peoriapublicschools.org/
crownkingesd.com,Crown King Elementary School District,Crown King Elementary,AZ,School district,Q131574489,https://crownkingesd.com/
scsc.k12.in.us,,Seymour,IN,School district,Q132167773,https://www.scsc.k12.in.us/
rcsdk8.org,Roseville City School District,Roseville City,CA,School district,Q134522688,https://www.rcsdk8.org/
www2.highlands.k12.fl.us,School Board of Highlands County,School Board of Highlands,FL,School district,Q134522859,https://www2.highlands.k12.fl.us/
kellyhawks.org,Scott County R-IV School District,Scott County R-IV,MO,School district,Q134622962,https://www.kellyhawks.org/
clarkcounty.k12.mo.us,Clark County R-1 School District,Clark County R-1,MO,School district,Q134713769,https://clarkcounty.k12.mo.us/
