state,place,domain
AR,Alexander,cityofalexander.com
AR,Altheimer,jeffersoncounty.arkansas.gov
AR,Arkadelphia,cityofarkadelphia.com
AR,Ash Flat,ashflat-ar.org
AR,Ashdown,ashdownarkansas.org
AR,Austin,austin-ar.com
AR,Batesville,cityofbatesville.com
AR,Beebe,beebeark.org
AR,Bella Vista,cityofbellavista.com
AR,Benton,benton.ar.gov
AR,Bentonville,bentonvillear.com
AR,Berryville,berryville.com
AR,Blytheville,blytheville.co
AR,Bradley,bradleyark.com
AR,Brinkley,brinkleyar.com
AR,Brookland,cityofbrookland.com
AR,Bryant,cityofbryant.com
AR,Calico Rock,calicorock.com
AR,Camden,camden.ar.gov
AR,Cammack Village,cammackvillage.org
AR,Canehill,historiccanehillar.org
AR,Carlisle,carlislear.org
AR,Centerton,centertonar.us
AR,Cherokee Village,cherokeevillage.org
AR,Clinton,cityofclinton.info
AR,Conway,conwayarkansas.org
AR,Dardanelle,dardanelle.com
AR,De Queen,cityofdequeen.com
AR,Decatur,decaturarkansas.com
AR,Des Arc,desarcpd.com
AR,Dierks,dierksarkansas.net
AR,Dumas,cityofdumasar.net
AR,Dyer,cityofdyerar.com
AR,El Dorado,eldoradoar.org
AR,England,cityofengland.org
AR,Eudora,cityofeudora.org
AR,Eureka Springs,eurekasprings.com
AR,Farmington,cityoffarmingtonar.com
AR,Fayetteville,accessfayetteville.org
AR,Forrest City,cityofforrestcityar.com
AR,Gassville,gassville.com
AR,Gentry,gentryarkansas.us
AR,Gosnell,cityofgosnell.us
AR,Gravette,cityofgravette-ar.gov
AR,Greenland,greenland-ar.com
AR,Greenwood,greenwoodarkansas.com
AR,Greers Ferry,greersferry.com
AR,Hamburg,hamburgark.com
AR,Harrison,cityofharrison.com
AR,Helena-West Helena,magnolia-ar.com
AR,Hope,hopearkansas.net
AR,Horseshoe Bend,cityofhorseshoebend.org
AR,Hot Springs,cityhs.net
AR,Hoxie,hoxiear.org
AR,Humnoke,humnoke.com
AR,Huntsville,huntsvillearkansas.org
AR,Jacksonville,cityofjacksonville.net
AR,Jonesboro,jonesboro.org
AR,Lake City,lakecityar.com
AR,Lake Village,lakevillagearkansas.net
AR,Lavaca,cityoflavaca.com
AR,Lincoln,lincolnarkansas.com
AR,Little Flock,cityoflittleflock.com
AR,Little Italy,littleitalyarkansas.com
AR,Lonoke,lonoke.com
AR,Mansfield,mansfieldar.org
AR,Marion,marionar.org
AR,Maumelle,maumelle.org
AR,Mayflower,mayflowerar.org
AR,McCrory,cityofmccrory.com
AR,McGehee,thecityofmcgehee.com
AR,Melbourne,melbournear.com
AR,Mena,cityofmena.org
AR,Monticello,monticelloarkansas.us
AR,Morrilton,cityofmorrilton.com
AR,Mount Ida,mtidachamber.com
AR,Mountain View,mtnviewcity.com
AR,Mulberry,cityofmulberry.org
AR,Murfreesboro,murfreesboroark.com
AR,Nashville,nashar.org
AR,Newport,newportar.org
AR,North Little Rock,northlittlerock.ar.gov
AR,Osceola,osceolaarkansas.com
AR,Ozark,ozarkarkansas.com
AR,Paragould,paragouldarkansas.com
AR,Pea Ridge,pea-ridge-ar.com
AR,Pine Bluff,cityofpinebluff.com
AR,Prairie Grove,prairiegrovearkansas.org
AR,Prescott,prescottar.com
AR,Rector,rectorarkansas.com
AR,Redfield,redfieldar.com
AR,Rockport,rockportar.org
AR,Rogers,rogersarkansas.com
AR,Russellville,russellvillearkansas.org
AR,Searcy,cityofsearcy.org
AR,Sheridan,sheridanark.com
AR,Sherwood,ci.sherwood.ar.us
AR,Siloam Springs,siloamsprings.com
AR,Star City,starcityar.net
AR,Stuttgart,stuttgartar.com
AR,Texarkana,arkansas.txkusa.org
AR,Tontitown,tontitown.com
AR,Tuckerman,tuckermanar.net
AR,Van Buren,vanburencity.org
AR,Vilonia,vilonia.org
AR,Walnut Ridge,cityofwalnutridge.com
AR,Ward,bestofward.com
AR,Weiner,cityofweiner.org
AR,West Fork,westforkar.com
AR,White Hall,whitehallar.org
AR,Winslow,winslowar.com
AR,Wrightsville,cityofwrightsville-ar.org
AR,Wynne,wynnearkansas.com
AR,Yellville,yellvilleweb.com
IA,Ackley,ackleyiowa.net
IA,Adair,cityofadair.com
IA,Adel,adeliowa.org
IA,Akron,akronia.org
IA,Albert City,albertcity.com
IA,Albia,albia.com
IA,Alburnett,alburnettia.org
IA,Alton,altoniowa.us
IA,Altoona,altoona-iowa.com
IA,Ames,cityofames.org
IA,Anamosa,anamosa-iowa.org
IA,Andrew,andrewjchapin.com
IA,Anita,anitaiowa.com
IA,Anthon,anthoniowa.com
IA,Armstrong,armstrongiowa.net
IA,Arnolds Park,arnoldsparkcity.com
IA,Asbury,cityofasbury.com
IA,Aurelia,aureliaia.com
IA,Avoca,cityofavoca.com
IA,Bedford,bedfordia.org
IA,Belle Plaine,belleplaineiowa.us
IA,Bellevue,bellevueia.com
IA,Bettendorf,bettendorf.org
IA,Bloomfield,cityofbloomfield.org
IA,Blue Grass,bluegrassia.org
IA,Bondurant,cityofbondurant.com
IA,Britt,brittiowa.com
IA,Brooklyn,brooklyniowa.com
IA,Buffalo,buffaloiowa.org
IA,Burlington,burlingtoniowa.org
IA,Calmar,calmaria.com
IA,Camanche,camancheia.org
IA,Cambridge,cambridge-ia.us
IA,Cantril,cantrilia.com
IA,Carlisle,carlisleiowa.org
IA,Carroll,cityofcarroll.com
IA,Carson,carsonia.com
IA,Carter Lake,cityofcarterlake.com
IA,Cascade,cascadeiowa.org
IA,Castana,castanaiowa.com
IA,Cedar Falls,ci.cedar-falls.ia.us
IA,Cedar Rapids,cedar-rapids.org
IA,Center Point,centerpointia.com
IA,Centerville,centerville-ia.com
IA,Chariton,chariton.org
IA,Charles City,cityofcharlescity.org
IA,Charlotte,charlotteia.com
IA,Charter Oak,charteroakia.com
IA,Cherokee,cherokeeiowa.net
IA,Clarinda,bestiowatown.com
IA,Clarion,clarioniowa.com
IA,Clarksville,clarksvilleiowa.com
IA,Clear Lake,clearlakeiowa.com
IA,Cleghorn,cleghorniowa.com
IA,Clive,cityofclive.com
IA,Colo,colo-iowa.org
IA,Columbus Junction,columbusjunctioniowa.org
IA,Conrad,conrad.govoffice.com
IA,Coon Rapids,coonrapidsiowa.com
IA,Coralville,coralville.org
IA,Corydon,cityofcorydoniowa.com
IA,Crescent,crescentiowa.com
IA,Cresco,cityofcresco.com
IA,Creston,aftoniowa.com
IA,Cumberland,cumberlandiowa.com
IA,Dakota City,dakotacityiowa.com
IA,Dallas Center,dallascenter.com
IA,Danville,danvilleiowa.com
IA,Davenport,cityofdavenportiowa.com
IA,De Soto,desoto-ia.org
IA,DeWitt,cityofdewittiowa.org
IA,Decorah,decorahia.org
IA,Denison,denisonia.com
IA,Denver,cityofdenveriowa.com
IA,Des Moines,catchdesmoines.com
IA,Dike,dikeia.com
IA,Donnellson,donnellsoniowa.com
IA,Dubuque,cityofdubuque.org
IA,Dyersville,cityofdyersville.com
IA,Dysart,dysartreporter.com
IA,Eagle Grove,eaglegroveiowa.org
IA,Earlham,earlhamiowa.org
IA,Early,earlyia.com
IA,Eddyville,eddyville.org
IA,Eldora,eldoraiowa.com
IA,Eldridge,cityofeldridgeia.org
IA,Elgin,elginiowa.org
IA,Elkader,elkader-iowa.com
IA,Elkhart,elkhartiowa.com
IA,Ely,elyiowa.com
IA,Emmetsburg,emmetsburg.com
IA,Epworth,ci.epworth.ia.us
IA,Estherville,cityofestherville.org
IA,Evansdale,evansdale.govoffice.com
IA,Everly,everlyiowa.com
IA,Fairfield,fairfieldiowa.com
IA,Farley,farleyiowa.com
IA,Farmington,farmingtoniowa.com
IA,Fayette,fayetteia.com
IA,Fertile,fertileiowa.us
IA,Forest City,cityofforestcity.com
IA,Fort Madison,fortmadison.com
IA,Fredericksburg,fredericksburgiowa.com
IA,Garner,garneriowa.org
IA,George,george-iowa.com
IA,Gilmore City,gilmorecityiowa.com
IA,Glenwood,cityofglenwood.org
IA,Glidden,gliddeniowa.com
IA,Greene,greeneiowa.com
IA,Greenfield,greenfieldiowa.com
IA,Griswold,griswoldia.govoffice2.com
IA,Grundy Center,grundycentergoodlife.com
IA,Guthrie Center,guthriecenter.com
IA,Guttenberg,cityofguttenberg.com
IA,Hampton,hamptoniowa.org
IA,Harlan,cityofharlan.com
IA,Hartley,hartleyiowa.com
IA,Hawarden,cityofhawarden.com
IA,Hedrick,hedrickiowa.com
IA,Hiawatha,hiawatha-iowa.com
IA,Hinton,hintoniowa.com
IA,Holstein,holsteiniowa.org
IA,Hopkinton,hopkintoniowa.org
IA,Hospers,hospersiowa.com
IA,Hubbard,hubbardiowa.com
IA,Hull,cityofhull.org
IA,Humboldt,ci.humboldt.ia.us
IA,Huxley,huxleyiowa.org
IA,Ida Grove,idagroveia.com
IA,Independence,independenceia.com
IA,Iowa Falls,cityofiowafalls.com
IA,Ireton,iretonia.com
IA,Jefferson,jeffersoniowa.com
IA,Jesup,jesupiowa.com
IA,Johnston,cityofjohnston.com
IA,Kalona,kalonachamber.com
IA,Keokuk,cityofkeokuk.org
IA,Keosauqua,keosauqua.com
IA,Kingsley,kingsleyia.com
IA,Lake City,lakecityiowa.com
IA,Lake Mills,lakemillsiowa.com
IA,Lake Park,lakeparkia.com
IA,Lake View,lakeview-ia.com
IA,Lamoni,lamoni-iowa.com
IA,Larchwood,larchwoodiowa.com
IA,Laurens,laurens-ia.com
IA,Le Grand,members.iowatelecom.net
IA,Le Mars,lemarsiowa.com
IA,Leon,leoniowa.org
IA,Letts,letts-city.t15.org
IA,Little Rock,lyonedia.com
IA,Logan,loganiowa.com
IA,Lone Tree,lonetreeiowa.com
IA,Lost Nation,lostnationiowa.org
IA,Lynnville,lynnvilleiowa.com
IA,Macedonia,macedoniaiowa.com
IA,Maharishi Vedic City,maharishivediccity.net
IA,Malvern,malvernia.com
IA,Manchester,manchester-ia.org
IA,Manning,manningia.com
IA,Manson,mansoniowa.org
IA,Mapleton,mapleton.com
IA,Maquoketa,maquoketaia.com
IA,Marcus,marcusiowa.com
IA,Marengo,marengoiowa.com
IA,Marion,cityofmarion.org
IA,Marne,marneiowa.com
IA,Marshalltown,ci.marshalltown.ia.us
IA,Mason City,masoncity.net
IA,Massena,cityofmassena.com
IA,Mechanicsville,cityofmechanicsville.net
IA,Mediapolis,mediapolisiowa.org
IA,Melcher-Dallas,melcherdallasiowa.com
IA,Milford,milford.ia.us
IA,Minburn,minburn.org
IA,Missouri Valley,cityofmissourivalley.com
IA,Mitchellville,mitchellville.org
IA,Monona,mononaiowa.com
IA,Montezuma,montezuma.org
IA,Monti,monticc.com
IA,Monticello,ci.monticello.ia.us
IA,Moravia,moraviaiowa.com
IA,Mount Pleasant,cityofmountpleasantiowa.org
IA,Nashua,nashua-iowa.com
IA,Nevada,cityofnevadaiowa.org
IA,New Sharon,newsharoniowa.org
IA,Newell,newelliowa.com
IA,Newton,newtongov.org
IA,Nora Springs,norasprings.org
IA,North Liberty,northlibertyiowa.org
IA,Northwood,northwoodia.org
IA,Norwalk,norwalk.iowa.gov
IA,Oakland,cityofoaklandiowa.com
IA,Odebolt,odebolt.net
IA,Oelwein,cityofoelwein.org
IA,Ogden,ogdeniowa.net
IA,Onawa,onawa.com
IA,Orange City,orangecityiowa.com
IA,Orient,orientiowa.com
IA,Osage,osageia.govoffice3.com
IA,Oskaloosa,oskaloosaiowa.org
IA,Ottumwa,cityofottumwa.org
IA,Owasa,owasaiowa.com
IA,Palo,paloia.govoffice2.com
IA,Panora,cityofpanora.com
IA,Parkersburg,parkersburgia.com
IA,Paullina,paullinaiowa.com
IA,Pella,cityofpella.com
IA,Peosta,cityofpeosta.org
IA,Perry,perryia.org
IA,Pilot Mound,pilotmound.org
IA,Pleasant Hill,pleasanthilliowa.org
IA,Pleasantville,discoverpleasantville.com
IA,Pocahontas,pocahontasiowa.com
IA,Portsmouth,portsmouthiowa.com
IA,Preston,prestoniowa.org
IA,Primghar,primghar.com
IA,Princeton,princetoniowa.us
IA,Red Oak,redoakiowa.com
IA,Remsen,remseniowa.net
IA,Riverdale,riverdaleia.org
IA,Riverside,cityofriversideiowa.com
IA,Rock Rapids,rockrapids.com
IA,Rock Valley,cityofrockvalley.com
IA,Rockwell,rockwell-ia.org
IA,Rockwell City,rockwellcity.com
IA,Roland,cityofroland.org
IA,Runnells,runnellsia.com
IA,Sac City,cityofsaccity.org
IA,Sanborn,sanborniowa.com
IA,Scranton,scrantoniowa.com
IA,Sergeant Bluff,cityofsergeantbluff.com
IA,Sheffield,sheffieldiowa.com
IA,Shelby,shelbyia.com
IA,Sheldon,sheldoniowa.com
IA,Shueyville,shueyvilleia.com
IA,Sibley,cityofsibley.com
IA,Sidney,sidneyia.net
IA,Sigourney,sigourney-iowa.com
IA,Sioux Center,siouxcenter.org
IA,Sioux City,sioux-city.org
IA,Solon,solon-iowa.com
IA,Spencer,spenceriowacity.com
IA,Spirit Lake,cityofspiritlake.org
IA,Springville,ci.springville.ia.us
IA,St. Marys,cityofindianola.com
IA,Stanhope,stanhopeiowa.com
IA,State Center,statecenteriowa.org
IA,Storm Lake,stormlake.org
IA,Story City,cityofstorycity.org
IA,Stratford,stratfordiowa.com
IA,Strawberry Point,strawberrypt.com
IA,Stuart,stuartia.com
IA,Sumner,mysumneriowa.com
IA,Tabor,taboriowa.us
IA,Templeton,templetoniowa.com
IA,Tiffin,tiffin-iowa.org
IA,Tipton,tiptoniowa.org
IA,Titonka,titonka.com
IA,Toledo,toledoia.com
IA,Traer,traer.com
IA,Treynor,cityoftreynor.com
IA,Truro,truroiowa.org
IA,Underwood,underwoodia.com
IA,Union,unioniowa.com
IA,University Heights,university-heights.org
IA,Urbandale,urbandale.org
IA,Villisca,villisca.com
IA,Vinton,vintoniowa.net
IA,Wahpeton,wahpetonia.govoffice.com
IA,Walcott,cityofwalcott.com
IA,Walford,cityofwalford.com
IA,Wall Lake,walllake.com
IA,Walnut,walnutiowa.org
IA,Wapello,cityofwapello.com
IA,Washington,washingtoniowa.net
IA,Waterloo,ci.waterloo.ia.us
IA,Waukee,waukee.org
IA,Waukon,cityofwaukon.com
IA,Waverly,city.waverlyia.com
IA,Webster City,webstercity.com
IA,Wellman,cityofwellman.com
IA,Wesley,wesleyiowa.com
IA,West Bend,westbendiowa.com
IA,West Branch,westbranchiowa.org
IA,West Burlington,westburlington.org
IA,West Des Moines,wdm.iowa.gov
IA,West Point,westpointiowa.com
IA,West Union,westunion.com
IA,Westfield,westfieldiowa.com
IA,Wheatland,cityofwheatland.org
IA,Wilton,wiltoniowa.org
IA,Windsor Heights,windsorheights.org
IA,Winfield,winfieldiowa.com
IA,Winthrop,cityofwinthrop.com
IA,Woodbine,woodbineia.org
IA,Woodward,woodwardia.org
IA,Wyoming,showcase.netins.net
IL,Addison,addisonadvantage.org
IL,Aledo,aledoil.org
IL,Altamont,altamontil.net
IL,Amboy,cityofamboy.org
IL,Anna,cityofanna.org
IL,Arcola,arcola-il.org
IL,Athens,athens-il.com
IL,Atlanta,atlantaillinois.org
IL,Auburn,auburnillinois.us
IL,Barry,barryil.org
IL,Batavia,cityofbatavia.net
IL,Beardstown,cityofbeardstown.org
IL,Belleville,belleville.net
IL,Belvidere,ci.belvidere.il.us
IL,"Benton, Illinois",bentonil.com
IL,Bloomington,cityblm.org
IL,Blue Island,blueisland.org
IL,Breese,breese.org
IL,Bunker Hill,bunkerhill-il.com
IL,Cairo,ci.quincy.il.us
IL,Calumet City,calumetcity.org
IL,Cambridge,cambridgeil.org
IL,Canton,cantonillinois.org
IL,Carbondale,explorecarbondale.com
IL,Carlinville,carlinville.com
IL,Carlyle,carlylelake.com
IL,Carthage,carthage-il.com
IL,Casey,cityofcaseyil.org
IL,Centralia,city.centralia.il.us
IL,Charleston,charlestonillinois.org
IL,Chenoa,chenoail.org
IL,Chester,chesterill.com
IL,Chicago Heights,chicagoheights.net
IL,Chicago Heights,cityofchicagoheights.org
IL,Chillicothe,cityofchillicotheil.com
IL,Chrisman,cityofchrisman.com
IL,Christopher,cityofchristopher.org
IL,Clinton,clintonillinois.com
IL,Collinsville,discovercollinsville.com
IL,Colona,colonail.com
IL,Columbia,columbiaillinois.com
IL,Columbia Heights,localtown.us
IL,Country Club Hills,countryclubhills.org
IL,Countryside,countryside-il.org
IL,Creal Springs,crealsprings.net
IL,Crest Hill,cityofcresthill.com
IL,Crystal Lake,crystallake.org
IL,Dallas City,dallascity-il.com
IL,Danville,cityofdanville.org
IL,Darien,darien.il.us
IL,DeKalb,cityofdekalb.com
IL,Decatur,ci.decatur.il.us
IL,Delavan,delavanil.org
IL,Des Plaines,desplaines.org
IL,Dixon,discoverdixon.org
IL,Du Quoin,duquoin.org
IL,East Dubuque,cityofeastdubuque.com
IL,East Moline,eastmoline.com
IL,East Peoria,cityofeastpeoria.com
IL,East St. Louis,cesl.us
IL,Edwardsville,cityofedwardsville.com
IL,Effingham,effinghamil.com
IL,El Paso,elpasoil.org
IL,Elmwood,elmwoodil.com
IL,Elmwood Park,elmwoodpark.org
IL,Eureka,eurekaillinois.net
IL,Fairfield,fairfield-il.com
IL,Flora,florail.us
IL,Freeport,cityoffreeport.org
IL,Fulton,cityoffulton.us
IL,Galena,cityofgalena.org
IL,Galesburg,ci.galesburg.il.us
IL,Galva,galva.com
IL,Geneseo,cityofgeneseo.com
IL,Geneva,geneva.il.us
IL,Genoa,genoa-il.com
IL,Georgetown,georgetownil.com
IL,Gibson City,gibsoncityillinois.com
IL,Golconda,visitgolconda.com
IL,Grafton,cityofgrafton.org
IL,Granite City,granitecity.illinois.gov
IL,Grayville,cityofgrayville.com
IL,Greenville,greenvilleillinois.com
IL,Griggsville,griggsville-il.org
IL,Hamilton,hamiltonillinois.org
IL,Harrisburg,thecityofharrisburgil.com
IL,Harvard,cityofharvard.org
IL,Harvey,cityofharvey.org
IL,Havana,scenichavana.com
IL,Hennepin,villageofhennepin.com
IL,Henry,henryil.com
IL,Herrin,herrinillinois.com
IL,Hickory Hills,hickoryhillsil.org
IL,Highland,ci.highland.il.us
IL,Highland Park,cityhpil.com
IL,Highwood,cityofhighwood.com
IL,Hillsboro,hillsboroillinois.net
IL,Hometown,cityofhometown.org
IL,Hoopeston,cityofhoopeston.com
IL,Hurst,hurstillinois.com
IL,Jacksonville,jacksonvilleil.com
IL,Jerseyville,jerseyville-il.us
IL,Kewanee,cityofkewanee.com
IL,Knoxville,kville.org
IL,La Harpe,outfitters.com
IL,Lacon,laconcity.com
IL,Lake Forest,cityoflakeforest.com
IL,Lanark,lanarkil.com
IL,Lawrenceville,lawrencecity.com
IL,Le Roy,leroy.org
IL,Lebanon,lebanonil.org
IL,Lewistown,lewistownillinois.org
IL,Lincoln,cityoflincoln-il.gov
IL,Lincoln's New Salem,dnrhistoric.illinois.gov
IL,Litchfield,cityoflitchfieldil.com
IL,Lockport,lockport.org
IL,Loves Park,loves-park.il.us
IL,Macomb,cityofmacomb.com
IL,Madison,cityofmadisonil.com
IL,Marengo,cityofmarengo.com
IL,Markham,cityofmarkham.net
IL,Marquette Heights,cityofmarquetteheights.com
IL,Marseilles,cityofmarseilles.com
IL,Marseilles,marseillesil.net
IL,Marshall,marshall-il.com
IL,Mascoutah,mascoutah.com
IL,Mattoon,mattoon.illinois.gov
IL,McHenry,ci.mchenry.il.us
IL,McLeansboro,mcleansboro.com
IL,Mendota,mendota.il.us
IL,Metropolis,cityofmetropolis.com
IL,Moline,moline.il.us
IL,Momence,cityofmomence.com
IL,Monticello,monticelloillinois.net
IL,Morris,city.mornet.org
IL,Mount Carmel,cityofmtcarmel.com
IL,Mount Carroll,mtcarrollil.org
IL,Mount Vernon,mtvernon.com
IL,Murphysboro,murphysboro.com
IL,Nauvoo,cityofnauvoo.org
IL,Neoga,neoga.org
IL,Newton,newtonillinois.com
IL,Nokomis,nokomisonline.com
IL,North Chicago,northchicago.org
IL,Northlake,northlakecity.com
IL,O'Fallon,ofallon.org
IL,Oak Forest,oak-forest.org
IL,Oakbrook Terrace,oakbrookterrace.net
IL,Oglesby,oglesby.il.us
IL,Olney,ci.olney.il.us
IL,Oneida,oneidaillinois.webs.com
IL,Oregon,oregonil.com
IL,Ottawa,cityofottawa.org
IL,Palos Heights,palosheights.org
IL,Palos Hills,paloshillsweb.org
IL,Pana,panaillinois.com
IL,Paris,parisillinois.org
IL,Park City,parkcityil.org
IL,Paxton,paxtonil.com
IL,Pekin,ci.pekin.il.us
IL,Peru,peru.il.us
IL,Pinckneyville,ci.pinckneyville.il.us
IL,Pittsfield,pittsfieldil.org
IL,Plano,cityofplanoil.com
IL,Pontiac,pontiac.org
IL,Princeton,princeton-il.com
IL,Prospect Heights,prospect-heights.il.us
IL,Red Bud,cityofredbud.org
IL,Robinson,cityofrobinson.com
IL,Rochelle,cityofrochelle.net
IL,Rock Falls,rockfalls61071.com
IL,Rock Island,rigov.org
IL,Rolling Meadows,cityrm.org
IL,Rushville,schuylercountyillinois.com
IL,Salem,salemil.us
IL,Savanna,savannaillinois.com
IL,Sesser,sesser.org
IL,Shelbyville,shelbyvilleillinois.net
IL,South Beloit,southbeloit.org
IL,Spring Valley,spring-valley.il.us
IL,Springfield,springfield.il.us
IL,St. Charles,ci.st-charles.il.us
IL,Staunton,stauntonil.com
IL,Stelle,stellecommunity.com
IL,Sterling,ci.sterling.il.us
IL,Streator,ci.streator.il.us
IL,Sullivan,sullivanil.us
IL,Sumner,sumnerillinois.com
IL,Sycamore,cityofsycamore.com
IL,Taylorville,taylorville.net
IL,Toluca,cityoftoluca.org
IL,Trenton,www3.trenton-il.com
IL,Troy,ci.troy.il.us
IL,Tuscola,tuscola.org
IL,Vandalia,vandaliaillinois.com
IL,Vienna,cityofviennail.net
IL,Villa Grove,villagrove.org
IL,Virginia,virginiaillinois.net
IL,Warrenville,warrenville.il.us
IL,Washington,washington-illinois.org
IL,Waterloo,waterloo.il.us
IL,Watseka,watsekacity.com
IL,Wenona,cityofwenona.org
IL,West Chicago,westchicago.org
IL,West Frankfort,westfrankfort-il.com
IL,West Peoria,cityofwestpeoria.org
IL,Wheaton,wheaton.il.us
IL,Wilmington,wilmington-il.com
IL,Wood Dale,wooddale.com
IL,Wood River,woodriver.org
IL,Wyoming,wyomingil.org
IL,Yorkville,yorkville.il.us
IL,Zeigler,zeigleril.com
IL,Zion,cityofzion.com
KS,Abilene,abilenecityhall.com
KS,Admire,admireks.com
KS,Alma,cityofalma-kansas.net
KS,Andale,cityofandale.com
KS,Andover,andoverks.com
KS,Anthony,anthonykansas.org
KS,Argonia,cityofargonia.com
KS,Arma,armakansas.org
KS,Ashland,ashlandks.com
KS,Atchison,cityofatchison.com
KS,Attica,cityofatticaks.com
KS,Atwood,atwoodkansas.com
KS,Auburn,auburnks.com
KS,Augusta,augustagov.org
KS,Axtell,axtellks.com
KS,Baldwin City,baldwincity.org
KS,Barnes,barnesks.net
KS,Basehor,cityofbasehor.org
KS,Baxter Springs,baxtersprings.us
KS,Beeler,nesscountychamber.com
KS,Belle Plaine,bpks.org
KS,Belleville,bellevilleks.org
KS,Beloit,beloitks.org
KS,Belvue,cityofbelvue.50megs.com
KS,Bennington,cityofbennington.com
KS,Bentley,bentleyks.webs.com
KS,Benton,bentonks.org
KS,Blue Rapids,bluerapids.org
KS,Bonner Springs,bonnersprings.org
KS,Buhler,buhlerks.org
KS,Burdett,burdettks.org
KS,Burlingame,burlingameks.com
KS,Burns,burnsks.com
KS,Burrton,burrtonkansas.com
KS,Caldwell,cityofcaldwellks.com
KS,Caney,caneyks.com
KS,Canton,cantonks.org
KS,Carbondale,carbondaleks.com
KS,Cawker City,cawkercitykansas.com
KS,Cedar Vale,cityofcedarvale.com
KS,Centralia,cityofcentraliaks.org
KS,Chanute,chanute.org
KS,Chapman,chapmanks.com
KS,Cheney,cheneyks.org
KS,Cherryvale,cherryvaleusa.com
KS,Chetopa,chetopa.org
KS,Cimarron,cimarronks.org
KS,Clay Center,cityofclaycenter.com
KS,Clearwater,clearwaterks.org
KS,Coffeyville,coffeyville.com
KS,Colby,cityofcolby.com
KS,Coldwater,coldwaterks.com
KS,Columbus,columbuscityhall.com
KS,Colwich,colwichks.org
KS,Concordia,concordiaks.org
KS,Conway Springs,conwayspringsks.com
KS,Cottonwood Falls,cottonwoodfallskansas.com
KS,Council Grove,councilgrove.com
KS,Courtland,courtlandks.com
KS,Cuba,cubakansas.com
KS,Culver,cityofculverkansas.org
KS,Cunningham,cunninghamks.net
KS,De Soto,desotoks.us
KS,Deerfield,deerfieldkansas.com
KS,Derby,derbyweb.com
KS,Dighton,dightonkansas.com
KS,Dodge City,dodgecity.org
KS,Douglass,cityofdouglassks.com
KS,Downs,downsks.net
KS,Dwight,dwightks.net
KS,Edgerton,edgertonks.org
KS,Edwardsville,edwardsvilleks.org
KS,Effingham,thenewsleaf.com
KS,El Dorado,360eldorado.com
KS,Elbing,elbingks.com
KS,Elkhart,ci.elkhart.ks.us
KS,Ellinwood,cityofellinwoodks.com
KS,Ellis,ellis.ks.us
KS,Ellsworth,exploreellsworthcounty.com
KS,Elsmore,elsmorekansas.tripod.com
KS,Elwood,elwoodkansas.com
KS,Enterprise,enterpriseks.org
KS,Erie,erieks.com
KS,Esbon,esbonkansas.org
KS,Eskridge,eskridgeks.org
KS,Eureka,eurekaks.org
KS,Fairway,fairwaykansas.org
KS,Florence,florenceks.com
KS,Fontana,fontanaks.com
KS,Fort Leavenworth,home.army.mil
KS,Fort Riley,riley.army.mil
KS,Fort Scott,fortscott.com
KS,Fowler,fowlerkansas.com
KS,Frankfort,cityoffrankfort.org
KS,Fredonia,fredoniaks.org
KS,Frontenac,frontenacks.net
KS,Galva,galvaks.com
KS,Garden City,garden-city.org
KS,Garden Plain,gardenplain.com
KS,Garnett,garnettks.net
KS,Gaylord,gaylordkansas.com
KS,Glasco,glascokansas.org
KS,Glen Elder,glenelder.com
KS,Goessel,goesselks.com
KS,Goodland,cityofgoodland.org
KS,Grandview Plaza,grandviewplaza.org
KS,Great Bend,greatbendks.net
KS,Greensburg,greensburgks.org
KS,Grenola,grenolaks.com
KS,Gridley,gridleyks.org
KS,Haddam,ci.haddam.ks.us
KS,Halstead,halsteadks.com
KS,Harper,cityofharper.com
KS,Haven,havenkansas.com
KS,Haviland,havilandkansas.com
KS,Hays,haysusa.com
KS,Haysville,haysville-ks.com
KS,Herington,cityofherington.com
KS,Hesston,hesstonks.org
KS,Hiawatha,cityofhiawatha.org
KS,Highland,cityofhighlandkansas.com
KS,Hill City,discoverhillcity.com
KS,Hillsboro,cityofhillsboro.net
KS,Hoisington,hoisingtonks.org
KS,Holcomb,cityofholcomb.org
KS,Holton,holtonkansas.org
KS,Holyrood,holyroodkansas.com
KS,Hope,cityofhopeks.com
KS,Horton,hortonkansas.net
KS,Howard,cityofhoward.org
KS,Hudson,hudsonkansas.org
KS,Hugoton,cityofhugoton.com
KS,Humboldt,humboldtkansas.org
KS,Hutchinson,hutchgov.com
KS,Inman,inmanks.org
KS,Iola,cityofiola.com
KS,Jetmore,jetmorekansas.com
KS,Kanopolis,kanopoliskansas.com
KS,Kanorado,cityofkanorado.com
KS,Kansas City,wycokck.org
KS,Kechi,kechiks.com
KS,Kingman,cityofkingman.com
KS,Kirwin,cityofkirwin.com
KS,Kismet,kismet.org
KS,La Crosse,cityoflacrosseks.com
KS,La Cygne,cityoflacygne.org
KS,Lake Quivira,cityoflakequivira.org
KS,Lakin,lakinkansas.org
KS,Lansing,lansing.ks.us
KS,Larned,cityoflarned.org
KS,Lawrence,lawrenceks.org
KS,LeRoy,leroykansas.com
KS,Leavenworth,leavenworthks.org
KS,Leawood,leawood.org
KS,Lebanon,lebanon.mykansaslibrary.org
KS,Lebo,leboks.org
KS,Lecompton,lecompton.org
KS,Lenexa,lenexa.com
KS,Leoti,leotikansas.org
KS,Liberal,cityofliberal.org
KS,Lincoln Center,lincolnks.org
KS,Lindsborg,lindsborgcity.org
KS,Linn Valley,cityoflinnvalley.com
KS,Logan,discoverlogan.com
KS,Longford,longfordks.org
KS,Longton,cityoflongton.com
KS,Lorraine,lorrainekansas.com
KS,Lucas,lucaskansas.com
KS,Lyons,lyonsks.org
KS,Madison,madisonkschamber.org
KS,Manhattan,cityofmhk.com
KS,Mankato,mankatoks.com
KS,Marion,marionks.net
KS,Marquette,marquetteks.org
KS,Marysville,cityofmarysvilleks.com
KS,McLouth,cityofmclouth.org
KS,McPherson,mcphersonks.org
KS,Meade,cityofmeade.org
KS,Medicine Lodge,cyberlodg.com
KS,Melvern,melvernks.com
KS,Meriden,meridenks.com
KS,Merriam,merriam.org
KS,Miltonvale,miltonvaleks.com
KS,Minneapolis,minneapolis-ks.com
KS,Minneola,minneolakansas.com
KS,Mission,missionks.org
KS,Mission Woods,missionwoods-ks.org
KS,Moline,molinekansas.com
KS,Montezuma,montezumaks.us
KS,Moscow,moscow.org
KS,Mound City,moundcity.org
KS,Moundridge,moundridge.com
KS,Mount Hope,mounthopecity.com
KS,Mulvane,mulvanekansas.com
KS,Natoma,cityofnatoma.com
KS,Neodesha,neodesha.org
KS,New Century AirCenter,jocogov.org
KS,New Strawn,newstrawn.org
KS,Newton,newtonkansas.com
KS,Nickerson,nickersonks.org
KS,Norcatur,cityofnorcatur.com
KS,North Newton,northnewton.org
KS,Norton,discovernorton.com
KS,Nortonville,nortonvilleks.com
KS,Oakley,discoveroakley.com
KS,Oberlin,oberlinks.com
KS,Oketo,lkm.org
KS,Olathe,olatheks.org
KS,Olsburg,olsburgks.com
KS,Onaga,onaga.org
KS,Osage City,osagecity.com
KS,Osawatomie,osawatomieks.org
KS,Osborne,discoverosborne.com
KS,Oskaloosa,cityofoskaloosaks.org
KS,Oswego,oswegokansas.com
KS,Overbrook,overbrookks.com
KS,Overland Park,opkansas.org
KS,Oxford,oxfordks.org
KS,Ozawkie,ozawkie.org
KS,Paola,cityofpaola.com
KS,Park City,parkcityks.com
KS,Parkerfield,parkerfieldks.org
KS,Parsons,parsonsks.com
KS,Partridge,sites.google.com
KS,Pawnee Rock,pawneerock-ks.gov
KS,Paxico,paxicomerchants.com
KS,Peabody,peabodyks.com
KS,Perry,perrykansas.us
KS,Phillipsburg,cityofphillipsburg.com
KS,Pittsburg,pittks.org
KS,Plains,plains.org
KS,Plainville,plainvilleks.com
KS,Pleasanton,pleasantonkansas.org
KS,Plevna,skyways.lib.ks.us
KS,Pomona,pomonaks.com
KS,Potwin,potwinks.com
KS,Prairie Village,pvkansas.com
KS,Pratt,cityofprattks.com
KS,Ramona,ramonaks.com
KS,Randolph,randolphks.com
KS,Ransom,cityofransomkansas.weebly.com
KS,Reading,readingks.com
KS,Richfield,richfield.org
KS,Riley,cityofriley.org
KS,Robinson,robinsonks.wordpress.com
KS,Roeland Park,roelandpark.net
KS,Rolla,rolla.org
KS,Rose Hill,cityofrosehill.com
KS,Rossville,rossvillekansas.us
KS,Russell,russellcity.org
KS,Sabetha,cityofsabetha.com
KS,Scott City,scottcitycofc.com
KS,Scranton,scrantonks.com
KS,Sedan,cityofsedan.com
KS,Selden,seldenks.org
KS,Seneca,seneca-kansas.us
KS,Sharon Springs,wallacecounty.net
KS,Shawnee,cityofshawnee.org
KS,Silver Lake,silverlakeks.org
KS,Smith Center,smithcenterks.com
KS,South Haven,cityofsouthhaven.com
KS,South Hutchinson,southhutch.com
KS,Spearville,spearville.org
KS,Spring Hill,springhillks.com
KS,St. Francis,stfranciskansas.com
KS,St. John,stjohnkansas.com
KS,St. Marys,saintmarys.com
KS,St. Paul,stpaulks.us
KS,Stafford,cityofstaffordks.com
KS,Sterling,sterling-kansas.com
KS,Stockton,stocktonkansas.net
KS,Strong City,strong-city.org
KS,Summerfield,marshallco.net
KS,Sylvan Grove,sylvangrovekansas.com
KS,Tescott,cityoftescott.com
KS,Thayer,thayerks.com
KS,Tipton,tiptonkansas.com
KS,Tonganoxie,tonganoxie.org
KS,Topeka,topeka.org
KS,Troy,troykansas.com
KS,Udall,cityofudall.com
KS,Ulysses,cityofulysses.com
KS,Uniontown,cityofuniontown.net
KS,Valley Center,valleycenterks.org
KS,Valley Falls,valleyfalls.org
KS,Victoria,victoriaks.com
KS,WaKeeney,wakeeney.org
KS,Wakefield,wakefieldks.com
KS,Wamego,wamego.org
KS,Washington,washingtonks.net
KS,Waterville,watervillekansas.com
KS,Wathena,wathenakansas.com
KS,Waverly,cityofwaverly.org
KS,Wellington,cityofwellington.net
KS,Wellsville,cityofwellsvilleks.org
KS,Westmoreland,cityofwestmorelandks.org
KS,Westwood,westwoodks.org
KS,Westwood Hills,westwoodhills.org
KS,Whitewater,whitewaterks.com
KS,Williamsburg,williamsburgks.us
KS,Wilson,wilsonkansas.com
KS,Windom,skyways.org
KS,Winfield,winfieldks.org
KS,Yates Center,cityofyatescenter.com
KS,Yoder,yoderkansas.com
KY,Alexandria,alexandriaky.org
KY,Anchorage,cityofanchorage.org
KY,Ashland,ashlandky.org
KY,Barbourmeade,barbourmeade.org
KY,Barbourville,cityofbarbourville.com
KY,Bardstown,cityofbardstown.org
KY,Beattyville,beattyville.org
KY,Beaver Dam,beaverdamkentucky.com
KY,Bedford,bestplaces.net
KY,Bellefonte,bellefonte.ky.gov
KY,Bellevue,bellevueky.org
KY,Benham,benhamky.org
KY,Benton,cityofbenton.org
KY,Bloomfield,bloomfieldky.com
KY,Bonnieville,bonnieville.org
KY,Boonesborough,parks.ky.gov
KY,Booneville,owsleycountykentucky.org
KY,Bowling Green,bgky.org
KY,Brandenburg,brandenburgky.org
KY,Briarwood,briarwoodky.net
KY,Bromley,cityofbromley.org
KY,Brownsboro Village,brownsborovillage.org
KY,Burkesville,burkesville.com
KY,Cadiz,cadiz.ky.gov
KY,Campbellsville,campbellsville.us
KY,Carlisle,carlisle.ky.gov
KY,Carrollton,carrolltonky.net
KY,Clinton,hickmancounty.ky.gov
KY,Cloverport,cloverport.com
KY,Cold Spring,coldspringky.com
KY,Columbia,cityofcolumbiaky.com
KY,Corinth,corinth.ky.gov
KY,Crescent Springs,crescent-springs.ky.us
KY,Crestview Hills,crestviewhills.com
KY,Cynthiana,cynthianaky.com
KY,Danville,danvilleky.org
KY,Dayton,daytonky.com
KY,Edgewood,edgewoodky.com
KY,Edmonton,cityofedmontonky.com
KY,Elizabethtown,elizabethtownky.org
KY,Elkton,elktonky.com
KY,Elsmere,cityofelsmere.com
KY,Eminence,eminencekentucky.com
KY,Erlanger,ci.erlanger.ky.us
KY,Evarts,evartskentucky.com
KY,Falmouth,cityoffalmouth.com
KY,Flatwoods,flatwoodsky.org
KY,Fort Campbell,campbell.army.mil
KY,Frankfort,frankfort.ky.gov
KY,Franklin,franklinky.org
KY,Fulton,fulton-ky.com
KY,Glasgow,glasgow-ky.com
KY,Graymoor-Devondale,graymoor-devondale.com
KY,Grayson,graysonky.net
KY,Greensburg,greensburgonline.com
KY,Guthrie,guthrieky.com
KY,Hanson,cityofhanson.com
KY,Hardinsburg,hardinsburg.ky.gov
KY,Harrodsburg,harrodsburgcity.org
KY,Hartford,hartfordkentucky.com
KY,Hazard,cityofhazard.com
KY,Hazel,hazelky.com
KY,Henderson,cityofhendersonky.org
KY,Hodgenville,hodgenville.ky.gov
KY,Hopkinsville,hoptown.org
KY,Horse Cave,horsecaveky.com
KY,Hurstbourne,hurstbourne.org
KY,Hurstbourne Acres,hurstbourneacres.org
KY,Independence,cityofindependence.org
KY,Indian Hills,indianhillsky.org
KY,Inez,inez.ky.gov
KY,Jackson,kyhometown.com
KY,Jeffersontown,jeffersontownky.com
KY,Kingsley,cityofkingsley.org
KY,La Grange,lagrangeky.net
KY,Lakeside Park,cityoflakesidepark.com
KY,Lakeview Heights,lakeviewheightsky.us
KY,Langdon Place,langdonplace.com
KY,Lawrenceburg,lawrenceburgky.org
KY,Lebanon,lebanon.ky.gov
KY,Leitchfield,leitchfield.org
KY,Lewisport,lewisport.cityof.org
KY,Liberty,libertycaseycounty.com
KY,London,cityoflondonky.org
KY,Ludlow,ludlow.org
KY,Lyndon,cityofdublin.org
KY,Lynnview,cityoflynnview.com
KY,Madisonville,madisonvillegov.com
KY,Mammoth Cave National Park,nps.gov
KY,Mayfield,cityofmayfield.org
KY,Middlesboro,middlesborokentucky.net
KY,Middletown,cityofmiddletownky.org
KY,Midway,meetmeinmidway.com
KY,Millersburg,millersburgky.com
KY,Monticello,monticelloky.com
KY,Morganfield,morganfieldkentucky.com
KY,Morgantown,morgantown-ky.com
KY,Mortons Gap,mortonsgap.ky.gov
KY,New Castle,newcastleky.com
KY,Nicholasville,nicholasville.org
KY,Nortonville,um-palembang.ac.id
KY,Olive Hill,olivehill.ky.gov
KY,Owensboro,owensboro.org
KY,Paris,paris.ky.gov
KY,Pikeville,cityofpikeville.com
KY,Pineville,cityofpinevillekentucky.org
KY,Prestonsburg,prestonsburgky.org
KY,Princeton,princeton.ky.gov
KY,Prospect,prospectky.us
KY,Radcliff,radcliff.org
KY,Richmond,richmond.ky.us
KY,Russellville,russellvilleky.org
KY,Science Hill,cityofsciencehill.com
KY,Scottsville,scottsvilleky.org
KY,Shelbyville,shelbyvillekentucky.com
KY,Shepherdsville,shepherdsville.net
KY,Shively,shivelyky.org
KY,Somerset,cityofsomerset.com
KY,Springfield,springfieldky.org
KY,St. Matthews,stmatthews.org
KY,Stanford,stanfordky.org
KY,Strathmoor Village,cityofstrathmoorvillage.com
KY,Taylorsville,taylorsvillewater.org
KY,Union,cityofunionky.org
KY,Versailles,versailles.ky.gov
KY,Villa Hills,villahillsky.org
KY,Wallins Creek,wallinscreek.com
KY,Water Valley,pinpointair.com
KY,Wellington,cityofwellingtonky.com
KY,West Liberty,cityofwestliberty.com
KY,West Point,westpointky.org
KY,Whitesburg,cityofwhitesburg.com
KY,Wickliffe,wickliffe.ky.gov
KY,Williamsburg,williamsburgky.com
KY,Williamstown,wtownky.org
KY,Wilmore,wilmore.org
KY,Winchester,winchesterky.com
KY,Windy Hills,cityofwindyhills.com
KY,Worthington,worthington-ky.com
KY,Worthington Hills,worthingtonhillsky.org
MO,Adrian,adrianmo.com
MO,Albany,albanymo.net
MO,Appleton City,acmogov.com
MO,Arbyrd,arbyrdmissouri.com
MO,Arnold,arnoldmo.org
MO,Ashland,ashlandmo.us
MO,Augusta,augusta-missouri.com
MO,Aurora,aurora-cityhall.org
MO,Ava,avamissouri.org
MO,Ballwin,ballwin.mo.us
MO,Bates City,batescity.net
MO,Battlefield,battlefieldmo.org
MO,Bella Villa,cityofbellavilla-mo.org
MO,Bellefontaine Neighbors,cityofbn.com
MO,Belton,belton.org
MO,Berkeley,cityofberkeley.us
MO,Bethany,bethanymo.com
MO,Beverly Hills,cityofbeverlyhillsmo.org
MO,Billings,billingsmo.com
MO,Black Jack,cityofblackjack.com
MO,Blue Springs,bluespringsgov.com
MO,Bolivar,bolivar.mo.us
MO,Bonne Terre,bonneterre.net
MO,Boonville,boonvillemo.org
MO,Branson,cityofbranson.org
MO,Breckenridge Hills,breckenridge-hills.mo.us
MO,Brentwood,brentwoodmo.org
MO,Bridgeton,bridgetonmo.com
MO,Brookfield,brookfieldcity.com
MO,Brunswick,brunswickmo.com
MO,Buffalo,buffalomissouri.us
MO,Butler,ci.butler.mo.us
MO,Cabool,caboolmo.org
MO,California,cityofcalifornia.net
MO,Camdenton,camdentoncity.com
MO,Cameron,cameron-mo.com
MO,Cape Girardeau,cityofcapegirardeau.org
MO,Carrollton,carrolltonareachamber.org
MO,Carterville,cartervillemo.com
MO,Caruthersville,caruthersvillecity.com
MO,Cassville,cityofcassville.com
MO,Centralia,centraliamo.org
MO,Charlack,cityofcharlack.com
MO,Charleston,charlestonmo.us
MO,Chesterfield,chesterfield.mo.us
MO,Chillicothe,chillicothecity.org
MO,Clarksville,clarksvillemo.us
MO,Clever,clevermo.com
MO,Clinton,clintonmo.com
MO,Crane,crane-mo.com
MO,Crestwood,ci.crestwood.mo.us
MO,Creve Coeur,creve-coeur.org
MO,Crystal City,crystalcitymo.org
MO,Cuba,cubamomurals.com
MO,Dardenne Prairie,dardenneprairie.org
MO,De Soto,desotomo.com
MO,Deepwater,deepwatermissouri.com
MO,Des Peres,desperesmo.org
MO,Desloge,desloge.com
MO,Duenweg,duenwegmo.com
MO,Edmundson,cityofedmundson.com
MO,Ellisville,ellisville.mo.us
MO,Eureka,eureka.mo.us
MO,Excelsior Springs,cityofesmo.com
MO,Fair Grove,fairgrove.org
MO,Fayette,fayette.missouri.org
MO,Fenton,fentonmo.org
MO,Ferguson,fergusoncity.com
MO,Festus,cityoffestus.org
MO,Florissant,florissantmo.com
MO,Forsyth,forsyth-mo.com
MO,Fredericktown,fredericktownmo.org
MO,Frontenac,cityoffrontenac.org
MO,Fulton,fultonmo.org
MO,Gladstone,gladstone.mo.us
MO,Glasgow,glasgowmo.com
MO,Goodman,goodmanmo.net
MO,Grandview,grandview.org
MO,Grant City,grantcity.us
MO,Greendale,cityofgreendalemo.us
MO,Greenfield,greenfieldmo.org
MO,Hallsville,hallsvillemissouri.wordpress.com
MO,Harrisonville,ci.harrisonville.mo.us
MO,Hawk Point,hawkpointmo.com
MO,Hazelwood,hazelwoodmo.org
MO,Herculaneum,cityofherculaneum.org
MO,Hermann,hermannmo.com
MO,Hillsboro,hillsboromo.org
MO,Houston,houstonmo.org
MO,Iron Mountain Lake,cityofironmountainlake.org
MO,Jackson,jacksonmo.org
MO,Jane,villageofjane.com
MO,Jennings,cityofjennings.org
MO,Joplin,joplinmo.org
MO,Kearney,ci.kearney.mo.us
MO,Kennett,kennettmo.com
MO,Kimberling City,ckcmo.com
MO,Kinloch,cityofkinloch.org
MO,Kirksville,kirksvillecity.com
MO,Kirkwood,kirkwoodmo.org
MO,Knob Noster,knobnostergov.com
MO,La Plata,cityoflaplata.net
MO,Lake Lotawana,lakelotawana.org
MO,Lake St. Louis,lakesaintlouis.com
MO,Lamar,cityoflamar.org
MO,Lathrop,cityoflathropmo.com
MO,Laurie,cityoflaurie.com
MO,Lebanon,lebanonmissouri.org
MO,Lee's Summit,lees-summit.mo.us
MO,Leeton,cityofleeton.com
MO,Lexington,lexingtonmo.com
MO,Liberty,ci.liberty.mo.us
MO,Lilbourn,lilbournmo.com
MO,Linn,cityoflinn.com
MO,Louisiana,louisiana-mo.com
MO,Malden,maldenmo.com
MO,Mansfield,mansfieldcityhall.org
MO,Maplewood,cityofmaplewood.com
MO,Marceline,marceline.org
MO,Marshall,marshall-mo.com
MO,Maryland Heights,marylandheights.com
MO,Maryville,maryville.org
MO,Mexico,mexicomissouri.net
MO,Moberly,moberlymo.org
MO,Monett,cityofmonett.com
MO,Monroe City,monroecitymo.org
MO,Montgomery City,montgomerycitymo.org
MO,Mound City,moundcitymo.com
MO,Neosho,neoshomo.org
MO,New Haven,newhavenmo.org
MO,New Madrid,new-madrid.mo.us
MO,Nixa,nixa.com
MO,Noel,4noel.com
MO,North Kansas City,nkc.org
MO,Northwoods,cityofnorthwoods.com
MO,O'Fallon,ofallon.mo.us
MO,Oakland,oaklandmo.org
MO,Odessa,cityofodessamo.com
MO,Olivette,olivettemo.com
MO,Osceola,cityofosceolamo.com
MO,Overland,overlandmo.org
MO,Owensville,cityofowensville.com
MO,Ozark,ozarkmissouri.com
MO,Pacific,pacificmissouri.com
MO,Pagedale,cityofpagedale.com
MO,Palmyra,greatriverroad.com
MO,Paris,www2.parismo.net
MO,Park Hills,parkhillsmo.net
MO,Pevely,cityofpevely.org
MO,Piedmont,cityofpiedmont.com
MO,Pineville,pinevillemo.us
MO,Platte City,plattecity.org
MO,Platte Woods,cityofplattewoods.org
MO,Plattsburg,plattsburgmo.com
MO,Pleasant Hill,pleasanthill.com
MO,Pleasant Hope,cityofpleasanthope.com
MO,Pleasant Valley,pleasantvalleymo.org
MO,Q966965,glendalemo.org
MO,Raymore,raymore.com
MO,Raytown,raytown.mo.us
MO,Republic,republicmo.com
MO,Richland,richlandmo.info
MO,Richmond,cityofrichmondmo.org
MO,Richmond Heights,richmondheights.org
MO,Rock Port,rpmo.com
MO,Rolla,rollacity.org
MO,Salem,salemmo.com
MO,Sarcoxie,lasr.net
MO,Savannah,savannahmo.net
MO,Scott City,scottcitymo.org
MO,Sedalia,cityofsedalia.com
MO,Seligman,thecityofseligman.com
MO,Seymour,seymourmissouri.org
MO,Sikeston,sikeston.org
MO,Smithville,smithvillemo.org
MO,St. Ann,stannmo.org
MO,St. Charles,stcharlescity.com
MO,St. James,stjamesmissouri.org
MO,St. Louis,greaterstlinc.com
MO,St. Paul,cityofstpaulmissouri.com
MO,St. Peters,stpetersmo.net
MO,Ste. Genevieve,stegenevieve.org
MO,Steelville,steelville.com
MO,Sullivan,sullivan.mo.us
MO,Sunset Hills,sunset-hills.com
MO,Town and Country,town-and-country.org
MO,Trenton,trentonmo.com
MO,Troy,cityoftroymissouri.com
MO,Union,unionmissouri.org
MO,University City,ucitymo.org
MO,Valley Park,valleyparkmo.org
MO,Velda City,veldacity.org
MO,Viburnum,viburnum.net
MO,Vinita Park,vinitapark.org
MO,Warrensburg,warrensburg-mo.com
MO,Warrenton,warrenton-mo.org
MO,Warsaw,welcometowarsaw.com
MO,Warson Woods,warsonwoods.com
MO,Washington,ci.washington.mo.us
MO,Waynesville,waynesvillemo.org
MO,Webster Groves,webstergroves.org
MO,Wellington,wellingtonmo.com
MO,Wentzville,wentzvillemo.org
MO,West Plains,westplains.net
MO,Wildwood,cityofwildwood.com
MO,Willard,cityofwillard.org
MO,Windsor,windsormo.org
MO,Wood Heights,cityofwoodheights.org
MO,Woodson Terrace,woodsonterrace.net
MO,Wright City,wrightcity.org
NE,Ainsworth,cityofainsworth.com
NE,Albion,cityofalbion-ne.com
NE,Alliance,cityofalliance.net
NE,Alma,almacity.com
NE,Arapahoe,arapahoenebraska.com
NE,Ashland,ashland-ne.com
NE,Atkinson,atkinsonne.com
NE,Auburn,auburn.ne.gov
NE,Aurora,cityofaurora.org
NE,Bassett,bassettnebr.com
NE,Beatrice,beatrice.ne.gov
NE,Bellevue,bellevue.net
NE,Bennet,lancaster.ne.gov
NE,Bennington,cityofbennington.wordpress.com
NE,Blair,blairnebraska.org
NE,Blue Hill,bluehillne.com
NE,Bridgeport,cityofbport.com
NE,Broken Bow,cityofbrokenbow.org
NE,Butte,buttenebraska.com
NE,Cambridge,cambridgene.org
NE,Center,centerne.com
NE,Central City,cc-ne.com
NE,Chadron,chadron-nebraska.com
NE,Chappell,chappellne.org
NE,Clay Center,ci.clay-center.ne.us
NE,Columbus,columbusne.us
NE,Cozad,cozadnebraska.net
NE,Crawford,crawfordnebraska.net
NE,Creighton,creighton.org
NE,Crete,crete-ne.com
NE,Crofton,crofton-nebraska.com
NE,Curtis,curtis-ne.com
NE,Dakota City,dakotacity.net
NE,David City,davidcityne.com
NE,Dodge,ci.dodge.ne.us
NE,Elwood,elwoodnebraska.com
NE,Fairbury,fairburyne.org
NE,Falls City,fallscityonline.com
NE,Franklin,franklinnebraska.com
NE,Fremont,fremont.ne.gov
NE,Friend,ci.friend.ne.us
NE,Fullerton,fullerton-ne.com
NE,Geneva,genevane.org
NE,Genoa,ci.genoa.ne.us
NE,Gering,gering.org
NE,Gibbon,cityofgibbon.org
NE,Gordon,gordon-ne.us
NE,Gothenburg,ci.gothenburg.ne.us
NE,Grand Island,grand-island.com
NE,Grant,grantnebraska.com
NE,Gretna,gretnane.org
NE,Hastings,cityofhastings.org
NE,Hebron,hebronnebraska.us
NE,Hickman,hickman.ne.gov
NE,Holdrege,cityofholdrege.org
NE,Humphrey,humphreyne.us
NE,Imperial,imperial-ne.com
NE,Kearney,cityofkearney.org
NE,Kimball,kimballne.org
NE,La Vista,ci.la-vista.ne.us
NE,Laurel,laurelne.com
NE,Lexington,ci.lexington.ne.us
NE,Louisville,louisvillenebraska.com
NE,Loup City,loupcity.com
NE,Madison,madison-ne.com
NE,McCook,cityofmccook.com
NE,Minatare,cityofminatare.com
NE,Minden,mindennebraska.org
NE,Mitchell,mitchellcity.net
NE,Mullen,mullennebraska.com
NE,Nebraska City,nebraskacity.com
NE,Neligh,neligh.org
NE,Nelson,cityofnelson.com
NE,North Platte,ci.north-platte.ne.us
NE,O'Neill,cityofoneill.com
NE,Oakland,ci.oakland.ne.us
NE,Omaha,cityofomaha.org
NE,Ord,ordnebraska.com
NE,Osceola,osceolanebraska.com
NE,Oshkosh,ci.oshkosh.ne.us
NE,Papillion,papillion.org
NE,Pawnee City,pawneecity.com
NE,Peru,perunebraska.org
NE,Pierce,piercenebraska.com
NE,Plainview,cityofplainviewne.com
NE,Plattsmouth,plattsmouth.org
NE,Ponca,ci.ponca.ne.us
NE,Ralston,cityofralston.com
NE,Randolph,ci.randolph.ne.us
NE,Ravenna,myravenna.com
NE,Red Cloud,redcloudnebraska.com
NE,Schuyler,schuylernebraska.net
NE,Scottsbluff,scottsbluff.org
NE,Seward,cityofsewardne.com
NE,Sidney,cityofsidney.org
NE,South Sioux City,southsiouxcity.org
NE,Springfield,springfieldnebraska.com
NE,Springview,springview-ne.com
NE,St. Paul,stpaulnebraska.com
NE,Stanton,stanton.net
NE,Stromsburg,stromsburgnebraska.com
NE,Superior,cityofsuperior.org
NE,Sutton,cityofsutton.org
NE,Syracuse,syracusene.com
NE,Tecumseh,tecumsehne.com
NE,Tekamah,tekamah.net
NE,Valley,valleyne.org
NE,Wahoo,wahoo.ne.us
NE,Wakefield,ci.wakefield.ne.us
NE,Waverly,citywaverly.com
NE,Wayne,cityofwayne.org
NE,Weeping Water,weepingwaternebraska.com
NE,West Point,ci.west-point.ne.us
NE,Wisner,ci.wisner.ne.us
NE,Wood River,woodriverne.com
NE,Wymore,wymorebluesprings.com
NE,York,cityofyork.net
OK,Ada,adaok.com
OK,Alva,alvaok.org
OK,Anadarko,ci.anadarko.ok.us
OK,Ardmore,ardmorecity.org
OK,Atoka,atokacity.org
OK,Bartlesville,cityofbartlesville.org
OK,Beaver,beaveroklahoma.net
OK,Bethany,cityofbethany.org
OK,Bixby,bixby.com
OK,Blackwell,cityofblackwell.com
OK,Bristow,cityofbristow.org
OK,Broken Bow,brokenbowchamber.com
OK,Cache,cachegov.com
OK,Chandler,chandlerok.com
OK,Chickasha,chickasha.org
OK,Choctaw,choctawcity.org
OK,Claremore,claremorecity.com
OK,Cleveland,cityofclevelandok.com
OK,Clinton,clintonokla.org
OK,Collinsville,collinsville-ok.com
OK,Commerce,commerceokla.com
OK,Crescent,crescentoklahoma.com
OK,Cushing,cityofcushing.com
OK,Davis,davisok.org
OK,Del City,cityofdelcity.com
OK,Dewey,cityofdewey.com
OK,Duncan,cityofduncan.com
OK,Durant,durant.org
OK,Edmond,edmondok.com
OK,El Reno,cityofelreno.com
OK,Elk City,elkcity.com
OK,Enid,enid.org
OK,Eufaula,cityofeufaulaok.com
OK,Fairview,fairviewok.org
OK,Frederick,frederickok.org
OK,Glenpool,glenpoolonline.com
OK,Grove,cityofgroveok.webs.com
OK,Guthrie,cityofguthrie.com
OK,Guymon,guymonok.org
OK,Hartshorne,cityofhartshorneok.com
OK,Heavener,heavenerok.org
OK,Henryetta,cityofhenryetta.org
OK,Hobart,hobartok.com
OK,Holdenville,cityofholdenville.com
OK,Hooker,hookeroklahoma.net
OK,Jenks,jenks.com
OK,Kingfisher,kingfisher.org
OK,Krebs,cityofkrebs.com
OK,Lexington,cityoflexington.com
OK,Madill,mccoconline.org
OK,Mannford,cityofmannford.com
OK,Marietta,cityofmarietta.net
OK,McAlester,cityofmcalester.com
OK,Medford,medfordoklahoma.com
OK,Miami,miamiok.org
OK,Midwest City,midwestcityok.org
OK,Moore,cityofmoore.com
OK,Muskogee,muskogeeonline.org
OK,Mustang,cityofmustang.org
OK,New Cordell,cordellchamber.org
OK,Newcastle,cityofnewcastleok.com
OK,Newkirk,newkirkchamber.com
OK,Nichols Hills,nicholshills.net
OK,Noble,cityofnoble.org
OK,Okemah,okemahok.org
OK,Okmulgee,okmulgeeonline.com
OK,Owasso,cityofowasso.com
OK,Pauls Valley,paulsvalley.com
OK,Pawhuska,pawhuska.com
OK,Pawnee,cityofpawnee.com
OK,Perkins,cityofperkins.net
OK,Perry,cityofperryok.com
OK,Poteau,poteau-ok.com
OK,Prague,pragueok.org
OK,Pryor Creek,pryorok.org
OK,Purcell,cityofpurcell.com
OK,Sallisaw,sallisawok.org
OK,Sand Springs,sandspringsok.org
OK,Sapulpa,cityofsapulpa.net
OK,Sayre,sayreok.net
OK,Seminole,seminole-oklahoma.net
OK,Shawnee,shawneeok.org
OK,Stigler,stiglerok.net
OK,Stillwater,stillwater.org
OK,Stilwell,cityofstilwell.com
OK,Stroud,cityofstroud.com
OK,Sulphur,sulphurokla.com
OK,Tahlequah,cityoftahlequah.com
OK,Tecumseh,tecumsehok.com
OK,The Village,thevillageok.org
OK,Tishomingo,tishomingo.com
OK,Tonkawa,cityoftonkawa.com
OK,Tuttle,cityoftuttle.com
OK,Vinita,vinita.com
OK,Wagoner,thecityofwagoner.org
OK,Watonga,cityofwatonga.org
OK,Waurika,waurika.us
OK,Weatherford,cityofweatherford.com
OK,Wewoka,cityofwewoka.com
OK,Wilburton,cityofwilburton.com
OK,Woodward,cityofwoodward.com
OK,Yukon,ci.yukon.ok.us
TN,Adams,adamstennessee.org
TN,Alamo,townofalamo.net
TN,Athens,cityofathenstn.com
TN,Baneberry,baneberrytn.com
TN,Bartlett,cityofbartlett.org
TN,Baxter,cityofbaxter.com
TN,Bluff City,bluffcitytn.org
TN,Bolivar,cityofbolivar.com
TN,Brentwood,brentwood-tn.org
TN,Bristol,bristoltn.org
TN,Brownsville,haywoodcountybrownsville.com
TN,Camden,cityofcamdentn.com
TN,Clarksville,cityofclarksville.com
TN,Cleveland,cityofclevelandtn.com
TN,Clifton,cityofclifton.com
TN,Clinton,clintontn.net
TN,Collinwood,cityofcollinwood.org
TN,Columbia,columbiatn.com
TN,Cookeville,cookeville-tn.org
TN,Covington,covingtontn.com
TN,Cowan,cityofcowan.com
TN,Dayton,daytontn.net
TN,Decherd,decherd.net
TN,Dickson,cityofdickson.com
TN,Dover,dovertn.com
TN,Dunlap,sequatchie.com
TN,Dyer,cityofdyertn.com
TN,Eagleville,eaglevilletn.com
TN,East Ridge,eastridgetn.org
TN,Elizabethton,elizabethton.org
TN,Elkton,elktontn.com
TN,Etowah,cityofetowahtn.com
TN,Fairview,fairview-tn.org
TN,Fayetteville,fayettevilletn.com
TN,Forest Hills,cityofforesthills.com
TN,Friendsville,friendsville.city
TN,Gatlinburg,ci.gatlinburg.tn.us
TN,Goodlettsville,cityofgoodlettsville.org
TN,Grand Junction,grandjunctiontn.com
TN,Greenbrier,greenbriertn.org
TN,Greenfield,greenfieldtn.com
TN,Harriman,harrimantn.evogov.com
TN,Harrogate,harrogate-tn.com
TN,Henderson,hendersontn.org
TN,Hendersonville,hvilletn.org
TN,Hohenwald,hohenwald.com
TN,Jefferson City,jeffcitytn.com
TN,Jellico,jellico.tn.us
TN,Johnson City,johnsoncitytn.org
TN,Jonesborough,jonesboroughtn.org
TN,Kingston,kingston-tn.org
TN,Lafayette,lafayettetn.com
TN,Lebanon,lebanontn.org
TN,Loretto,cityoflorettotn.com
TN,Lynchburg,lynchburgtn.com
TN,Madisonville,cityofmadisonville.org
TN,Manchester,cityofmanchestertn.com
TN,Martin,cityofmartin.net
TN,Maryville,maryvillegov.com
TN,Maynardville,maynardvilletn.com
TN,McKenzie,mckenzietn.gov
TN,Medina,cityofmedinatn.org
TN,Middleton,cityofmiddleton.org
TN,Milan,cityofmilantn.com
TN,Millersville,cityofmillersville.com
TN,Millington,ci.millington.tn.us
TN,Minor Hill,minorhilltn.com
TN,Morristown,mymorristown.com
TN,Mount Pleasant,mtpleasant-tn.com
TN,Mt. Juliet,cityofmtjuliet.org
TN,Munford,munford.com
TN,New Johnsonville,cityofnewjohnsonville.com
TN,Newport,cityofnewport-tn.com
TN,Norris,cityofnorris.com
TN,Oak Hill,oakhilltn.us
TN,Oak Ridge,cortn.org
TN,Parkers Crossroads,parkerscrossroad.org
TN,Philadelphia,philadelphiatn.com
TN,Pigeon Forge,mypigeonforge.com
TN,Piperton,pipertontn.com
TN,Pleasant View,townofpleasantview.com
TN,Pulaski,pulaski-tn.com
TN,Red Boiling Springs,redboilingspringstn.com
TN,Ripley,ripleytenn.com
TN,Rockwood,rockwoodtn.org
TN,Rogersville,rogersville-tn.com
TN,Savannah,cityofsavannah.org
TN,Sevierville,seviervilletn.org
TN,Shelbyville,shelbyvilletn.org
TN,Smithville,smithvilletn.com
TN,Soddy-Daisy,soddy-daisy.org
TN,Somerville,somervilletn.org
TN,South Pittsburg,southpittsburgtn.org
TN,Sparta,spartatn.com
TN,Spring Hill,springhilltn.org
TN,Springfield,springfield-tn.org
TN,Sweetwater,sweetwatertn.net
TN,Tellico Village,tellicovillage.org
TN,Three Way,cityofthreeway.org
TN,Tiptonville,tiptonville.org
TN,Townsend,cityoftownsend.com
TN,Trenton,trentontn.net
TN,Watertown,watertowntn.com
TN,Waverly,waverlytn.org
TN,Waynesboro,cityofwaynesboro.org
TN,White House,cityofwhitehouse.com
TN,Whitwell,cityofwhitwell.com
