state,place,domain,status,owns,bid_url,relevant
AR,Alexander,cityofalexander.com,unreachable,,,
AR,Altheimer,jeffersoncounty.arkansas.gov,unreachable,,,
AR,Arkadelphia,cityofarkadelphia.com,unreachable,,,
AR,Ash Flat,ashflat-ar.org,unreachable,,,
AR,Ashdown,ashdownarkansas.org,no_bid_page,domain,,
AR,Austin,austin-ar.com,found,domain,https://austin-ar.com/Bids.aspx,yes
AR,Batesville,cityofbatesville.com,no_bid_page,domain,,
AR,Beebe,beebeark.org,no_bid_page,domain,,
AR,Bella Vista,cityofbellavista.com,no_bid_page,domain,,
AR,Benton,benton.ar.gov,unreachable,,,
AR,Bentonville,bentonvillear.com,found,domain,https://bentonvillear.com/Bids.aspx,no
AR,Berryville,berryville.com,no_bid_page,domain,,
AR,Blytheville,blytheville.co,unreachable,,,
AR,Bradley,bradleyark.com,no_bid_page,domain,,
AR,Brinkley,brinkleyar.com,found,domain,https://brinkleyar.com/Bids.aspx,yes
AR,Brookland,cityofbrookland.com,no_bid_page,domain,,
AR,Bryant,cityofbryant.com,no_bid_page,domain,,
AR,Calico Rock,calicorock.com,unreachable,,,
AR,Camden,camden.ar.gov,unreachable,,,
AR,Cammack Village,cammackvillage.org,no_bid_page,domain,,
AR,Canehill,historiccanehillar.org,no_bid_page,domain,,
AR,Carlisle,carlislear.org,no_bid_page,domain,,
AR,Centerton,centertonar.us,no_bid_page,domain,,
AR,Cherokee Village,cherokeevillage.org,found,domain,https://cherokeevillage.org/Bids.aspx,no
AR,Clinton,cityofclinton.info,unreachable,,,
AR,Conway,conwayarkansas.org,no_bid_page,domain,,
AR,Dardanelle,dardanelle.com,no_bid_page,domain,,
AR,De Queen,cityofdequeen.com,unreachable,,,
AR,Decatur,decaturarkansas.com,found,domain,https://decaturarkansas.com/Bids.aspx,yes
AR,Des Arc,desarcpd.com,no_bid_page,domain,,
AR,Dierks,dierksarkansas.net,unreachable,,,
AR,Dumas,cityofdumasar.net,unreachable,,,
AR,Dyer,cityofdyerar.com,found,domain,https://cityofdyerar.com/Bids.aspx,yes
AR,El Dorado,eldoradoar.org,unreachable,,,
AR,England,cityofengland.org,unreachable,,,
AR,Eudora,cityofeudora.org,no_bid_page,domain,,
AR,Eureka Springs,eurekasprings.com,no_bid_page,domain,,
AR,Farmington,cityoffarmingtonar.com,no_bid_page,domain,,
AR,Fayetteville,accessfayetteville.org,unreachable,,,
AR,Forrest City,cityofforrestcityar.com,no_bid_page,domain,,
AR,Gassville,gassville.com,unreachable,,,
AR,Gentry,gentryarkansas.us,unreachable,,,
AR,Gosnell,cityofgosnell.us,unreachable,,,
AR,Gravette,cityofgravette-ar.gov,unreachable,,,
AR,Greenland,greenland-ar.com,unreachable,,,
AR,Greenwood,greenwoodarkansas.com,found,domain,https://greenwoodarkansas.com/business/bids,no
AR,Greers Ferry,greersferry.com,no_bid_page,domain,,
AR,Hamburg,hamburgark.com,no_bid_page,domain,,
AR,Harrison,cityofharrison.com,unreachable,,,
AR,Helena-West Helena,magnolia-ar.com,not_this_town,,,
AR,Hope,hopearkansas.net,found,domain,https://hopearkansas.net/Bids.aspx,yes
AR,Horseshoe Bend,cityofhorseshoebend.org,found,domain,https://cityofhorseshoebend.org/Bids.aspx,no
AR,Hot Springs,cityhs.net,found,homepage,https://cityhs.net/Bids.aspx,no
AR,Hoxie,hoxiear.org,unreachable,,,
AR,Humnoke,humnoke.com,no_bid_page,domain,,
AR,Huntsville,huntsvillearkansas.org,no_bid_page,domain,,
AR,Jacksonville,cityofjacksonville.net,unreachable,,,
AR,Jonesboro,jonesboro.org,unreachable,,,
AR,Lake City,lakecityar.com,no_bid_page,domain,,
AR,Lake Village,lakevillagearkansas.net,unreachable,,,
AR,Lavaca,cityoflavaca.com,no_bid_page,domain,,
AR,Lincoln,lincolnarkansas.com,unreachable,,,
AR,Little Flock,cityoflittleflock.com,no_bid_page,domain,,
AR,Little Italy,littleitalyarkansas.com,no_bid_page,domain,,
AR,Lonoke,lonoke.com,no_bid_page,domain,,
AR,Mansfield,mansfieldar.org,no_bid_page,domain,,
AR,Marion,marionar.org,no_bid_page,domain,,
AR,Maumelle,maumelle.org,unreachable,,,
AR,Mayflower,mayflowerar.org,unreachable,,,
AR,McCrory,cityofmccrory.com,no_bid_page,domain,,
AR,McGehee,thecityofmcgehee.com,no_bid_page,domain,,
AR,Melbourne,melbournear.com,unreachable,,,
AR,Mena,cityofmena.org,no_bid_page,domain,,
AR,Monticello,monticelloarkansas.us,no_bid_page,domain,,
AR,Morrilton,cityofmorrilton.com,no_bid_page,domain,,
AR,Mount Ida,mtidachamber.com,no_bid_page,homepage,,
AR,Mountain View,mtnviewcity.com,unreachable,,,
AR,Mulberry,cityofmulberry.org,unreachable,,,
AR,Murfreesboro,murfreesboroark.com,no_bid_page,domain,,
AR,Nashville,nashar.org,no_bid_page,homepage,,
AR,Newport,newportar.org,unreachable,,,
AR,North Little Rock,northlittlerock.ar.gov,found,domain,https://northlittlerock.ar.gov/current-bids,yes
AR,Osceola,osceolaarkansas.com,no_bid_page,domain,,
AR,Ozark,ozarkarkansas.com,no_bid_page,domain,,
AR,Paragould,paragouldarkansas.com,unreachable,,,
AR,Pea Ridge,pea-ridge-ar.com,no_bid_page,domain,,
AR,Pine Bluff,cityofpinebluff.com,unreachable,,,
AR,Prairie Grove,prairiegrovearkansas.org,unreachable,,,
AR,Prescott,prescottar.com,no_bid_page,domain,,
AR,Rector,rectorarkansas.com,no_bid_page,domain,,
AR,Redfield,redfieldar.com,no_bid_page,domain,,
AR,Rockport,rockportar.org,found,domain,https://rockportar.org/Bids.aspx,no
AR,Rogers,rogersarkansas.com,no_bid_page,domain,,
AR,Russellville,russellvillearkansas.org,found,domain,https://russellvillearkansas.org/Bids.aspx,no
AR,Searcy,cityofsearcy.org,no_bid_page,domain,,
AR,Sheridan,sheridanark.com,no_bid_page,domain,,
AR,Sherwood,ci.sherwood.ar.us,unreachable,,,
AR,Siloam Springs,siloamsprings.com,unreachable,,,
AR,Star City,starcityar.net,no_bid_page,domain,,
AR,Stuttgart,stuttgartar.com,no_bid_page,domain,,
AR,Texarkana,arkansas.txkusa.org,unreachable,,,
AR,Tontitown,tontitown.com,found,domain,https://tontitown.com/purchasing,yes
AR,Tuckerman,tuckermanar.net,no_bid_page,domain,,
AR,Van Buren,vanburencity.org,unreachable,,,
AR,Vilonia,vilonia.org,unreachable,,,
AR,Walnut Ridge,cityofwalnutridge.com,no_bid_page,domain,,
AR,Ward,bestofward.com,unreachable,,,
AR,Weiner,cityofweiner.org,no_bid_page,domain,,
AR,West Fork,westforkar.com,no_bid_page,domain,,
AR,White Hall,whitehallar.org,no_bid_page,domain,,
AR,Winslow,winslowar.com,unreachable,,,
AR,Wrightsville,cityofwrightsville-ar.org,unreachable,,,
AR,Wynne,wynnearkansas.com,unreachable,,,
AR,Yellville,yellvilleweb.com,no_bid_page,domain,,
IA,Ackley,ackleyiowa.net,unreachable,,,
IA,Adair,cityofadair.com,unreachable,,,
IA,Adel,adeliowa.org,no_bid_page,domain,,
IA,Akron,akronia.org,unreachable,,,
IA,Albert City,albertcity.com,no_bid_page,domain,,
IA,Albia,albia.com,unreachable,,,
IA,Alburnett,alburnettia.org,no_bid_page,domain,,
IA,Alton,altoniowa.us,no_bid_page,domain,,
IA,Altoona,altoona-iowa.com,no_bid_page,domain,,
IA,Ames,cityofames.org,found,domain,https://cityofames.org/finance/purchasing,yes
IA,Anamosa,anamosa-iowa.org,no_bid_page,domain,,
IA,Andrew,andrewjchapin.com,no_bid_page,domain,,
IA,Anita,anitaiowa.com,unreachable,,,
IA,Anthon,anthoniowa.com,no_bid_page,domain,,
IA,Armstrong,armstrongiowa.net,unreachable,,,
IA,Arnolds Park,arnoldsparkcity.com,unreachable,,,
IA,Asbury,cityofasbury.com,unreachable,,,
IA,Aurelia,aureliaia.com,no_bid_page,domain,,
IA,Avoca,cityofavoca.com,no_bid_page,domain,,
IA,Bedford,bedfordia.org,found,domain,https://bedfordia.org/Bids.aspx,yes
IA,Belle Plaine,belleplaineiowa.us,no_bid_page,domain,,
IA,Bellevue,bellevueia.com,no_bid_page,domain,,
IA,Bettendorf,bettendorf.org,unreachable,,,
IA,Bloomfield,cityofbloomfield.org,no_bid_page,domain,,
IA,Blue Grass,bluegrassia.org,no_bid_page,domain,,
IA,Bondurant,cityofbondurant.com,no_bid_page,domain,,
IA,Britt,brittiowa.com,unreachable,,,
IA,Brooklyn,brooklyniowa.com,no_bid_page,domain,,
IA,Buffalo,buffaloiowa.org,no_bid_page,domain,,
IA,Burlington,burlingtoniowa.org,found,domain,https://burlingtoniowa.org/Bids.aspx,yes
IA,Calmar,calmaria.com,unreachable,,,
IA,Camanche,camancheia.org,no_bid_page,domain,,
IA,Cambridge,cambridge-ia.us,no_bid_page,domain,,
IA,Cantril,cantrilia.com,no_bid_page,domain,,
IA,Carlisle,carlisleiowa.org,no_bid_page,domain,,
IA,Carroll,cityofcarroll.com,found,domain,https://cityofcarroll.com/bids,yes
IA,Carson,carsonia.com,unreachable,,,
IA,Carter Lake,cityofcarterlake.com,no_bid_page,domain,,
IA,Cascade,cascadeiowa.org,unreachable,,,
IA,Castana,castanaiowa.com,unreachable,,,
IA,Cedar Falls,ci.cedar-falls.ia.us,unreachable,,,
IA,Cedar Rapids,cedar-rapids.org,found,domain,https://cedar-rapids.org/bids,yes
IA,Center Point,centerpointia.com,no_bid_page,domain,,
IA,Centerville,centerville-ia.com,unreachable,,,
IA,Chariton,chariton.org,no_bid_page,domain,,
IA,Charles City,cityofcharlescity.org,found,domain,https://cityofcharlescity.org/Bids.aspx,yes
IA,Charlotte,charlotteia.com,no_bid_page,domain,,
IA,Charter Oak,charteroakia.com,unreachable,,,
IA,Cherokee,cherokeeiowa.net,unreachable,,,
IA,Clarinda,bestiowatown.com,unreachable,,,
IA,Clarion,clarioniowa.com,no_bid_page,domain,,
IA,Clarksville,clarksvilleiowa.com,no_bid_page,domain,,
IA,Clear Lake,clearlakeiowa.com,no_bid_page,domain,,
IA,Cleghorn,cleghorniowa.com,unreachable,,,
IA,Clive,cityofclive.com,unreachable,,,
IA,Colo,colo-iowa.org,no_bid_page,domain,,
IA,Columbus Junction,columbusjunctioniowa.org,no_bid_page,domain,,
IA,Conrad,conrad.govoffice.com,no_bid_page,domain,,
IA,Coon Rapids,coonrapidsiowa.com,found,domain,https://coonrapidsiowa.com/Bids.aspx,yes
IA,Coralville,coralville.org,found,domain,https://coralville.org/Bids.aspx,no
IA,Corydon,cityofcorydoniowa.com,found,domain,https://cityofcorydoniowa.com/Bids.aspx,yes
IA,Crescent,crescentiowa.com,unreachable,,,
IA,Cresco,cityofcresco.com,found,domain,https://cityofcresco.com/notice-to-bidders,yes
IA,Creston,aftoniowa.com,not_this_town,,,
IA,Cumberland,cumberlandiowa.com,unreachable,,,
IA,Dakota City,dakotacityiowa.com,unreachable,,,
IA,Dallas Center,dallascenter.com,unreachable,,,
IA,Danville,danvilleiowa.com,no_bid_page,domain,,
IA,Davenport,cityofdavenportiowa.com,found,domain,https://cityofdavenportiowa.com/purchasing,yes
IA,De Soto,desoto-ia.org,no_bid_page,domain,,
IA,DeWitt,cityofdewittiowa.org,found,domain,https://cityofdewittiowa.org/departments/purchasing,yes
IA,Decorah,decorahia.org,no_bid_page,domain,,
IA,Denison,denisonia.com,no_bid_page,domain,,
IA,Denver,cityofdenveriowa.com,unreachable,,,
IA,Des Moines,catchdesmoines.com,no_bid_page,domain,,
IA,Dike,dikeia.com,no_bid_page,domain,,
IA,Donnellson,donnellsoniowa.com,no_bid_page,domain,,
IA,Dubuque,cityofdubuque.org,found,domain,https://cityofdubuque.org/Bids.aspx,no
IA,Dyersville,cityofdyersville.com,no_bid_page,domain,,
IA,Dysart,dysartreporter.com,unreachable,,,
IA,Eagle Grove,eaglegroveiowa.org,no_bid_page,domain,,
IA,Earlham,earlhamiowa.org,no_bid_page,domain,,
IA,Early,earlyia.com,no_bid_page,domain,,
IA,Eddyville,eddyville.org,no_bid_page,domain,,
IA,Eldora,eldoraiowa.com,no_bid_page,domain,,
IA,Eldridge,cityofeldridgeia.org,found,domain,https://cityofeldridgeia.org/rfp,yes
IA,Elgin,elginiowa.org,no_bid_page,domain,,
IA,Elkader,elkader-iowa.com,no_bid_page,domain,,
IA,Elkhart,elkhartiowa.com,no_bid_page,domain,,
IA,Ely,elyiowa.com,no_bid_page,domain,,
IA,Emmetsburg,emmetsburg.com,no_bid_page,domain,,
IA,Epworth,ci.epworth.ia.us,unreachable,,,
IA,Estherville,cityofestherville.org,no_bid_page,domain,,
IA,Evansdale,evansdale.govoffice.com,unreachable,,,
IA,Everly,everlyiowa.com,unreachable,,,
IA,Fairfield,fairfieldiowa.com,no_bid_page,domain,,
IA,Farley,farleyiowa.com,no_bid_page,domain,,
IA,Farmington,farmingtoniowa.com,found,domain,https://farmingtoniowa.com/Bids.aspx,no
IA,Fayette,fayetteia.com,unreachable,,,
IA,Fertile,fertileiowa.us,no_bid_page,domain,,
IA,Forest City,cityofforestcity.com,unreachable,,,
IA,Fort Madison,fortmadison.com,no_bid_page,domain,,
IA,Fredericksburg,fredericksburgiowa.com,unreachable,,,
IA,Garner,garneriowa.org,unreachable,,,
IA,George,george-iowa.com,unreachable,,,
IA,Gilmore City,gilmorecityiowa.com,no_bid_page,domain,,
IA,Glenwood,cityofglenwood.org,no_bid_page,domain,,
IA,Glidden,gliddeniowa.com,no_bid_page,domain,,
IA,Greene,greeneiowa.com,unreachable,,,
IA,Greenfield,greenfieldiowa.com,no_bid_page,domain,,
IA,Griswold,griswoldia.govoffice2.com,unreachable,,,
IA,Grundy Center,grundycentergoodlife.com,no_bid_page,domain,,
IA,Guthrie Center,guthriecenter.com,unreachable,,,
IA,Guttenberg,cityofguttenberg.com,unreachable,,,
IA,Hampton,hamptoniowa.org,no_bid_page,domain,,
IA,Harlan,cityofharlan.com,no_bid_page,domain,,
IA,Hartley,hartleyiowa.com,no_bid_page,domain,,
IA,Hawarden,cityofhawarden.com,found,domain,https://cityofhawarden.com/Bids.aspx,no
IA,Hedrick,hedrickiowa.com,found,domain,https://hedrickiowa.com/Bids.aspx,no
IA,Hiawatha,hiawatha-iowa.com,no_bid_page,domain,,
IA,Hinton,hintoniowa.com,no_bid_page,domain,,
IA,Holstein,holsteiniowa.org,no_bid_page,domain,,
IA,Hopkinton,hopkintoniowa.org,no_bid_page,domain,,
IA,Hospers,hospersiowa.com,unreachable,,,
IA,Hubbard,hubbardiowa.com,no_bid_page,domain,,
IA,Hull,cityofhull.org,no_bid_page,domain,,
IA,Humboldt,ci.humboldt.ia.us,unreachable,,,
IA,Huxley,huxleyiowa.org,no_bid_page,domain,,
IA,Ida Grove,idagroveia.com,found,domain,https://idagroveia.com/invitation-to-bid,yes
IA,Independence,independenceia.com,unreachable,,,
IA,Iowa Falls,cityofiowafalls.com,unreachable,,,
IA,Ireton,iretonia.com,unreachable,,,
IA,Jefferson,jeffersoniowa.com,unreachable,,,
IA,Jesup,jesupiowa.com,unreachable,,,
IA,Johnston,cityofjohnston.com,found,domain,https://cityofjohnston.com/Bids.aspx,yes
IA,Kalona,kalonachamber.com,no_bid_page,domain,,
IA,Keokuk,cityofkeokuk.org,found,domain,https://cityofkeokuk.org/bids,yes
IA,Keosauqua,keosauqua.com,unreachable,,,
IA,Kingsley,kingsleyia.com,no_bid_page,domain,,
IA,Lake City,lakecityiowa.com,unreachable,,,
IA,Lake Mills,lakemillsiowa.com,no_bid_page,domain,,
IA,Lake Park,lakeparkia.com,no_bid_page,domain,,
IA,Lake View,lakeview-ia.com,unreachable,,,
IA,Lamoni,lamoni-iowa.com,no_bid_page,domain,,
IA,Larchwood,larchwoodiowa.com,unreachable,,,
IA,Laurens,laurens-ia.com,no_bid_page,domain,,
IA,Le Grand,members.iowatelecom.net,unreachable,,,
IA,Le Mars,lemarsiowa.com,found,domain,https://lemarsiowa.com/Bids.aspx,no
IA,Leon,leoniowa.org,no_bid_page,domain,,
IA,Letts,letts-city.t15.org,unreachable,,,
IA,Little Rock,lyonedia.com,not_this_town,,,
IA,Logan,loganiowa.com,no_bid_page,domain,,
IA,Lone Tree,lonetreeiowa.com,found,domain,https://lonetreeiowa.com/Bids.aspx,yes
IA,Lost Nation,lostnationiowa.org,no_bid_page,domain,,
IA,Lynnville,lynnvilleiowa.com,no_bid_page,domain,,
IA,Macedonia,macedoniaiowa.com,no_bid_page,domain,,
IA,Maharishi Vedic City,maharishivediccity.net,unreachable,,,
IA,Malvern,malvernia.com,no_bid_page,domain,,
IA,Manchester,manchester-ia.org,unreachable,,,
IA,Manning,manningia.com,found,domain,https://manningia.com/Bids.aspx,no
IA,Manson,mansoniowa.org,unreachable,,,
IA,Mapleton,mapleton.com,no_bid_page,domain,,
IA,Maquoketa,maquoketaia.com,found,domain,https://maquoketaia.com/Bids.aspx,no
IA,Marcus,marcusiowa.com,no_bid_page,domain,,
IA,Marengo,marengoiowa.com,no_bid_page,domain,,
IA,Marion,cityofmarion.org,unreachable,,,
IA,Marne,marneiowa.com,no_bid_page,domain,,
IA,Marshalltown,ci.marshalltown.ia.us,unreachable,,,
IA,Mason City,masoncity.net,found,domain,https://masoncity.net/Bids.aspx,yes
IA,Massena,cityofmassena.com,unreachable,,,
IA,Mechanicsville,cityofmechanicsville.net,no_bid_page,domain,,
IA,Mediapolis,mediapolisiowa.org,unreachable,,,
IA,Melcher-Dallas,melcherdallasiowa.com,no_bid_page,domain,,
IA,Milford,milford.ia.us,unreachable,,,
IA,Minburn,minburn.org,no_bid_page,domain,,
IA,Missouri Valley,cityofmissourivalley.com,unreachable,,,
IA,Mitchellville,mitchellville.org,no_bid_page,domain,,
IA,Monona,mononaiowa.com,unreachable,,,
IA,Montezuma,montezuma.org,no_bid_page,domain,,
IA,Monti,monticc.com,no_bid_page,domain,,
IA,Monticello,ci.monticello.ia.us,found,domain,https://ci.monticello.ia.us/notice-to-bidders,yes
IA,Moravia,moraviaiowa.com,no_bid_page,domain,,
IA,Mount Pleasant,cityofmountpleasantiowa.org,no_bid_page,domain,,
IA,Nashua,nashua-iowa.com,unreachable,,,
IA,Nevada,cityofnevadaiowa.org,found,domain,https://cityofnevadaiowa.org/current-bids,yes
IA,New Sharon,newsharoniowa.org,unreachable,,,
IA,Newell,newelliowa.com,no_bid_page,domain,,
IA,Newton,newtongov.org,found,domain,https://newtongov.org/Bids.aspx,yes
IA,Nora Springs,norasprings.org,unreachable,,,
IA,North Liberty,northlibertyiowa.org,no_bid_page,domain,,
IA,Northwood,northwoodia.org,found,domain,https://northwoodia.org/Bids.aspx,yes
IA,Norwalk,norwalk.iowa.gov,no_bid_page,domain,,
IA,Oakland,cityofoaklandiowa.com,no_bid_page,domain,,
IA,Odebolt,odebolt.net,unreachable,,,
IA,Oelwein,cityofoelwein.org,unreachable,,,
IA,Ogden,ogdeniowa.net,no_bid_page,domain,,
IA,Onawa,onawa.com,found,domain,https://onawa.com/rfps,yes
IA,Orange City,orangecityiowa.com,no_bid_page,domain,,
IA,Orient,orientiowa.com,unreachable,,,
IA,Osage,osageia.govoffice3.com,no_bid_page,domain,,
IA,Oskaloosa,oskaloosaiowa.org,found,domain,https://oskaloosaiowa.org/Bids.aspx,yes
IA,Ottumwa,cityofottumwa.org,found,domain,https://cityofottumwa.org/Bids.aspx,yes
IA,Owasa,owasaiowa.com,no_bid_page,domain,,
IA,Palo,paloia.govoffice2.com,no_bid_page,domain,,
IA,Panora,cityofpanora.com,no_bid_page,domain,,
IA,Parkersburg,parkersburgia.com,unreachable,,,
IA,Paullina,paullinaiowa.com,no_bid_page,domain,,
IA,Pella,cityofpella.com,found,domain,https://cityofpella.com/Bids.aspx,yes
IA,Peosta,cityofpeosta.org,no_bid_page,domain,,
IA,Perry,perryia.org,no_bid_page,domain,,
IA,Pilot Mound,pilotmound.org,no_bid_page,domain,,
IA,Pleasant Hill,pleasanthilliowa.org,found,domain,https://pleasanthilliowa.org/Bids.aspx,no
IA,Pleasantville,discoverpleasantville.com,no_bid_page,domain,,
IA,Pocahontas,pocahontasiowa.com,no_bid_page,domain,,
IA,Portsmouth,portsmouthiowa.com,no_bid_page,domain,,
IA,Preston,prestoniowa.org,no_bid_page,domain,,
IA,Primghar,primghar.com,no_bid_page,domain,,
IA,Princeton,princetoniowa.us,unreachable,,,
IA,Red Oak,redoakiowa.com,no_bid_page,domain,,
IA,Remsen,remseniowa.net,no_bid_page,domain,,
IA,Riverdale,riverdaleia.org,unreachable,,,
IA,Riverside,cityofriversideiowa.com,no_bid_page,domain,,
IA,Rock Rapids,rockrapids.com,found,domain,https://rockrapids.com/rfp,yes
IA,Rock Valley,cityofrockvalley.com,no_bid_page,domain,,
IA,Rockwell,rockwell-ia.org,no_bid_page,domain,,
IA,Rockwell City,rockwellcity.com,no_bid_page,domain,,
IA,Roland,cityofroland.org,unreachable,,,
IA,Runnells,runnellsia.com,no_bid_page,domain,,
IA,Sac City,cityofsaccity.org,unreachable,,,
IA,Sanborn,sanborniowa.com,no_bid_page,domain,,
IA,Scranton,scrantoniowa.com,unreachable,,,
IA,Sergeant Bluff,cityofsergeantbluff.com,unreachable,,,
IA,Sheffield,sheffieldiowa.com,unreachable,,,
IA,Shelby,shelbyia.com,no_bid_page,domain,,
IA,Sheldon,sheldoniowa.com,unreachable,,,
IA,Shueyville,shueyvilleia.com,no_bid_page,domain,,
IA,Sibley,cityofsibley.com,unreachable,,,
IA,Sidney,sidneyia.net,unreachable,,,
IA,Sigourney,sigourney-iowa.com,unreachable,,,
IA,Sioux Center,siouxcenter.org,found,domain,https://siouxcenter.org/Bids.aspx,no
IA,Sioux City,sioux-city.org,found,domain,https://sioux-city.org/Bids.aspx,no
IA,Solon,solon-iowa.com,found,domain,https://solon-iowa.com/Bids.aspx,no
IA,Spencer,spenceriowacity.com,no_bid_page,domain,,
IA,Spirit Lake,cityofspiritlake.org,unreachable,,,
IA,Springville,ci.springville.ia.us,unreachable,,,
IA,St. Marys,cityofindianola.com,unreachable,,,
IA,Stanhope,stanhopeiowa.com,found,domain,https://stanhopeiowa.com/Bids.aspx,no
IA,State Center,statecenteriowa.org,no_bid_page,domain,,
IA,Storm Lake,stormlake.org,found,domain,https://stormlake.org/Bids.aspx,yes
IA,Story City,cityofstorycity.org,no_bid_page,domain,,
IA,Stratford,stratfordiowa.com,found,domain,https://stratfordiowa.com/Bids.aspx,no
IA,Strawberry Point,strawberrypt.com,unreachable,,,
IA,Stuart,stuartia.com,unreachable,,,
IA,Sumner,mysumneriowa.com,unreachable,,,
IA,Tabor,taboriowa.us,unreachable,,,
IA,Templeton,templetoniowa.com,found,domain,https://templetoniowa.com/bids,yes
IA,Tiffin,tiffin-iowa.org,no_bid_page,domain,,
IA,Tipton,tiptoniowa.org,no_bid_page,domain,,
IA,Titonka,titonka.com,no_bid_page,domain,,
IA,Toledo,toledoia.com,no_bid_page,domain,,
IA,Traer,traer.com,no_bid_page,domain,,
IA,Treynor,cityoftreynor.com,no_bid_page,domain,,
IA,Truro,truroiowa.org,found,domain,https://truroiowa.org/Bids.aspx,no
IA,Underwood,underwoodia.com,no_bid_page,domain,,
IA,Union,unioniowa.com,unreachable,,,
IA,University Heights,university-heights.org,found,domain,https://university-heights.org/Bids.aspx,yes
IA,Urbandale,urbandale.org,found,domain,https://urbandale.org/Bids.aspx,no
IA,Villisca,villisca.com,no_bid_page,domain,,
IA,Vinton,vintoniowa.net,unreachable,,,
IA,Wahpeton,wahpetonia.govoffice.com,no_bid_page,domain,,
IA,Walcott,cityofwalcott.com,no_bid_page,domain,,
IA,Walford,cityofwalford.com,no_bid_page,domain,,
IA,Wall Lake,walllake.com,no_bid_page,domain,,
IA,Walnut,walnutiowa.org,found,domain,https://walnutiowa.org/Bids.aspx,yes
IA,Wapello,cityofwapello.com,no_bid_page,domain,,
IA,Washington,washingtoniowa.net,unreachable,,,
IA,Waterloo,ci.waterloo.ia.us,no_bid_page,domain,,
IA,Waukee,waukee.org,unreachable,,,
IA,Waukon,cityofwaukon.com,no_bid_page,domain,,
IA,Waverly,city.waverlyia.com,unreachable,,,
IA,Webster City,webstercity.com,found,domain,https://webstercity.com/Bids.aspx,no
IA,Wellman,cityofwellman.com,unreachable,,,
IA,Wesley,wesleyiowa.com,found,domain,https://wesleyiowa.com/Bids.aspx,no
IA,West Bend,westbendiowa.com,no_bid_page,domain,,
IA,West Branch,westbranchiowa.org,no_bid_page,domain,,
IA,West Burlington,westburlington.org,unreachable,,,
IA,West Des Moines,wdm.iowa.gov,unreachable,,,
IA,West Point,westpointiowa.com,found,domain,https://westpointiowa.com/Bids.aspx,no
IA,West Union,westunion.com,no_bid_page,domain,,
IA,Westfield,westfieldiowa.com,no_bid_page,domain,,
IA,Wheatland,cityofwheatland.org,no_bid_page,domain,,
IA,Wilton,wiltoniowa.org,found,domain,https://wiltoniowa.org/Bids.aspx,yes
IA,Windsor Heights,windsorheights.org,found,domain,https://windsorheights.org/Bids.aspx,yes
IA,Winfield,winfieldiowa.com,found,domain,https://winfieldiowa.com/Bids.aspx,yes
IA,Winthrop,cityofwinthrop.com,no_bid_page,domain,,
IA,Woodbine,woodbineia.org,unreachable,,,
IA,Woodward,woodwardia.org,no_bid_page,domain,,
IA,Wyoming,showcase.netins.net,unreachable,,,
IL,Addison,addisonadvantage.org,no_bid_page,domain,,
IL,Aledo,aledoil.org,unreachable,,,
IL,Altamont,altamontil.net,no_bid_page,domain,,
IL,Amboy,cityofamboy.org,unreachable,,,
IL,Anna,cityofanna.org,no_bid_page,domain,,
IL,Arcola,arcola-il.org,unreachable,,,
IL,Athens,athens-il.com,unreachable,,,
IL,Atlanta,atlantaillinois.org,no_bid_page,domain,,
IL,Auburn,auburnillinois.us,found,domain,https://auburnillinois.us/bids,no
IL,Barry,barryil.org,no_bid_page,domain,,
IL,Batavia,cityofbatavia.net,unreachable,,,
IL,Beardstown,cityofbeardstown.org,no_bid_page,domain,,
IL,Belleville,belleville.net,found,domain,https://belleville.net/Bids.aspx,no
IL,Belvidere,ci.belvidere.il.us,unreachable,,,
IL,"Benton, Illinois",bentonil.com,no_bid_page,homepage,,
IL,Bloomington,cityblm.org,unreachable,,,
IL,Blue Island,blueisland.org,found,domain,https://blueisland.org/Bids.aspx,yes
IL,Breese,breese.org,no_bid_page,domain,,
IL,Bunker Hill,bunkerhill-il.com,unreachable,,,
IL,Cairo,ci.quincy.il.us,unreachable,,,
IL,Calumet City,calumetcity.org,no_bid_page,domain,,
IL,Cambridge,cambridgeil.org,no_bid_page,domain,,
IL,Canton,cantonillinois.org,no_bid_page,domain,,
IL,Carbondale,explorecarbondale.com,found,domain,https://explorecarbondale.com/Bids.aspx,yes
IL,Carlinville,carlinville.com,no_bid_page,domain,,
IL,Carlyle,carlylelake.com,unreachable,,,
IL,Carthage,carthage-il.com,no_bid_page,domain,,
IL,Casey,cityofcaseyil.org,unreachable,,,
IL,Centralia,city.centralia.il.us,unreachable,,,
IL,Charleston,charlestonillinois.org,no_bid_page,domain,,
IL,Chenoa,chenoail.org,unreachable,,,
IL,Chester,chesterill.com,unreachable,,,
IL,Chicago Heights,chicagoheights.net,unreachable,,,
IL,Chicago Heights,cityofchicagoheights.org,found,domain,https://cityofchicagoheights.org/Bids.aspx,yes
IL,Chillicothe,cityofchillicotheil.com,unreachable,,,
IL,Chrisman,cityofchrisman.com,unreachable,,,
IL,Christopher,cityofchristopher.org,no_bid_page,domain,,
IL,Clinton,clintonillinois.com,no_bid_page,domain,,
IL,Collinsville,discovercollinsville.com,unreachable,,,
IL,Colona,colonail.com,unreachable,,,
IL,Columbia,columbiaillinois.com,unreachable,,,
IL,Columbia Heights,localtown.us,unreachable,,,
IL,Country Club Hills,countryclubhills.org,no_bid_page,domain,,
IL,Countryside,countryside-il.org,no_bid_page,domain,,
IL,Creal Springs,crealsprings.net,no_bid_page,domain,,
IL,Crest Hill,cityofcresthill.com,found,domain,https://cityofcresthill.com/Bids.aspx,yes
IL,Crystal Lake,crystallake.org,unreachable,,,
IL,Dallas City,dallascity-il.com,no_bid_page,domain,,
IL,Danville,cityofdanville.org,found,domain,https://cityofdanville.org/Bids.aspx,yes
IL,Darien,darien.il.us,no_bid_page,domain,,
IL,DeKalb,cityofdekalb.com,found,domain,https://cityofdekalb.com/Bids.aspx,no
IL,Decatur,ci.decatur.il.us,unreachable,,,
IL,Delavan,delavanil.org,no_bid_page,domain,,
IL,Des Plaines,desplaines.org,unreachable,,,
IL,Dixon,discoverdixon.org,no_bid_page,domain,,
IL,Du Quoin,duquoin.org,unreachable,,,
IL,East Dubuque,cityofeastdubuque.com,no_bid_page,domain,,
IL,East Moline,eastmoline.com,found,domain,https://eastmoline.com/Bids.aspx,yes
IL,East Peoria,cityofeastpeoria.com,found,domain,https://cityofeastpeoria.com/Bids.aspx,no
IL,East St. Louis,cesl.us,found,homepage,https://cesl.us/Bids.aspx,yes
IL,Edwardsville,cityofedwardsville.com,found,domain,https://cityofedwardsville.com/Bids.aspx,no
IL,Effingham,effinghamil.com,found,domain,https://effinghamil.com/notice-to-bidders,yes
IL,El Paso,elpasoil.org,found,domain,https://elpasoil.org/Bids.aspx,yes
IL,Elmwood,elmwoodil.com,unreachable,,,
IL,Elmwood Park,elmwoodpark.org,found,domain,https://elmwoodpark.org/Bids.aspx,no
IL,Eureka,eurekaillinois.net,unreachable,,,
IL,Fairfield,fairfield-il.com,no_bid_page,domain,,
IL,Flora,florail.us,unreachable,,,
IL,Freeport,cityoffreeport.org,unreachable,,,
IL,Fulton,cityoffulton.us,no_bid_page,domain,,
IL,Galena,cityofgalena.org,found,domain,https://cityofgalena.org/Bids.aspx,yes
IL,Galesburg,ci.galesburg.il.us,no_bid_page,domain,,
IL,Galva,galva.com,unreachable,,,
IL,Geneseo,cityofgeneseo.com,found,domain,https://cityofgeneseo.com/rfp,yes
IL,Geneva,geneva.il.us,found,domain,https://geneva.il.us/Bids.aspx,yes
IL,Genoa,genoa-il.com,unreachable,,,
IL,Georgetown,georgetownil.com,found,domain,https://georgetownil.com/Bids.aspx,no
IL,Gibson City,gibsoncityillinois.com,no_bid_page,domain,,
IL,Golconda,visitgolconda.com,unreachable,,,
IL,Grafton,cityofgrafton.org,unreachable,,,
IL,Granite City,granitecity.illinois.gov,unreachable,,,
IL,Grayville,cityofgrayville.com,unreachable,,,
IL,Greenville,greenvilleillinois.com,unreachable,,,
IL,Griggsville,griggsville-il.org,no_bid_page,domain,,
IL,Hamilton,hamiltonillinois.org,no_bid_page,domain,,
IL,Harrisburg,thecityofharrisburgil.com,unreachable,,,
IL,Harvard,cityofharvard.org,unreachable,,,
IL,Harvey,cityofharvey.org,no_bid_page,domain,,
IL,Havana,scenichavana.com,no_bid_page,domain,,
IL,Hennepin,villageofhennepin.com,no_bid_page,domain,,
IL,Henry,henryil.com,no_bid_page,domain,,
IL,Herrin,herrinillinois.com,unreachable,,,
IL,Hickory Hills,hickoryhillsil.org,no_bid_page,domain,,
IL,Highland,ci.highland.il.us,unreachable,,,
IL,Highland Park,cityhpil.com,found,homepage,https://cityhpil.com/bids,yes
IL,Highwood,cityofhighwood.com,found,domain,https://cityofhighwood.com/Bids.aspx,no
IL,Hillsboro,hillsboroillinois.net,no_bid_page,domain,,
IL,Hometown,cityofhometown.org,no_bid_page,domain,,
IL,Hoopeston,cityofhoopeston.com,no_bid_page,domain,,
IL,Hurst,hurstillinois.com,unreachable,,,
IL,Jacksonville,jacksonvilleil.com,no_bid_page,domain,,
IL,Jerseyville,jerseyville-il.us,no_bid_page,domain,,
IL,Kewanee,cityofkewanee.com,found,domain,https://cityofkewanee.com/Bids.aspx,yes
IL,Knoxville,kville.org,no_bid_page,homepage,,
IL,La Harpe,outfitters.com,unreachable,,,
IL,Lacon,laconcity.com,no_bid_page,domain,,
IL,Lake Forest,cityoflakeforest.com,no_bid_page,domain,,
IL,Lanark,lanarkil.com,unreachable,,,
IL,Lawrenceville,lawrencecity.com,not_this_town,,,
IL,Le Roy,leroy.org,no_bid_page,domain,,
IL,Lebanon,lebanonil.org,unreachable,,,
IL,Lewistown,lewistownillinois.org,no_bid_page,domain,,
IL,Lincoln,cityoflincoln-il.gov,unreachable,,,
IL,Lincoln's New Salem,dnrhistoric.illinois.gov,not_this_town,,,
IL,Litchfield,cityoflitchfieldil.com,found,domain,https://cityoflitchfieldil.com/Bids.aspx,no
IL,Lockport,lockport.org,unreachable,,,
IL,Loves Park,loves-park.il.us,unreachable,,,
IL,Macomb,cityofmacomb.com,no_bid_page,domain,,
IL,Madison,cityofmadisonil.com,no_bid_page,domain,,
IL,Marengo,cityofmarengo.com,unreachable,,,
IL,Markham,cityofmarkham.net,found,domain,https://cityofmarkham.net/Bids.aspx,yes
IL,Marquette Heights,cityofmarquetteheights.com,unreachable,,,
IL,Marseilles,cityofmarseilles.com,no_bid_page,domain,,
IL,Marseilles,marseillesil.net,unreachable,,,
IL,Marshall,marshall-il.com,unreachable,,,
IL,Mascoutah,mascoutah.com,unreachable,,,
IL,Mattoon,mattoon.illinois.gov,found,domain,https://mattoon.illinois.gov/bids,yes
IL,McHenry,ci.mchenry.il.us,unreachable,,,
IL,McLeansboro,mcleansboro.com,unreachable,,,
IL,Mendota,mendota.il.us,unreachable,,,
IL,Metropolis,cityofmetropolis.com,no_bid_page,domain,,
IL,Moline,moline.il.us,found,domain,https://moline.il.us/Bids.aspx,yes
IL,Momence,cityofmomence.com,no_bid_page,domain,,
IL,Monticello,monticelloillinois.net,unreachable,,,
IL,Morris,city.mornet.org,unreachable,,,
IL,Mount Carmel,cityofmtcarmel.com,unreachable,,,
IL,Mount Carroll,mtcarrollil.org,no_bid_page,homepage,,
IL,Mount Vernon,mtvernon.com,found,homepage,https://mtvernon.com/bids,yes
IL,Murphysboro,murphysboro.com,no_bid_page,domain,,
IL,Nauvoo,cityofnauvoo.org,unreachable,,,
IL,Neoga,neoga.org,no_bid_page,domain,,
IL,Newton,newtonillinois.com,no_bid_page,domain,,
IL,Nokomis,nokomisonline.com,found,domain,https://nokomisonline.com/Bids.aspx,yes
IL,North Chicago,northchicago.org,no_bid_page,domain,,
IL,Northlake,northlakecity.com,no_bid_page,domain,,
IL,O'Fallon,ofallon.org,unreachable,,,
IL,Oak Forest,oak-forest.org,found,domain,https://oak-forest.org/Bids.aspx,no
IL,Oakbrook Terrace,oakbrookterrace.net,unreachable,,,
IL,Oglesby,oglesby.il.us,no_bid_page,domain,,
IL,Olney,ci.olney.il.us,no_bid_page,domain,,
IL,Oneida,oneidaillinois.webs.com,unreachable,,,
IL,Oregon,oregonil.com,unreachable,,,
IL,Ottawa,cityofottawa.org,found,domain,https://cityofottawa.org/Bids.aspx,no
IL,Palos Heights,palosheights.org,found,domain,https://palosheights.org/Bids.aspx,yes
IL,Palos Hills,paloshillsweb.org,no_bid_page,domain,,
IL,Pana,panaillinois.com,no_bid_page,domain,,
IL,Paris,parisillinois.org,no_bid_page,domain,,
IL,Park City,parkcityil.org,unreachable,,,
IL,Paxton,paxtonil.com,unreachable,,,
IL,Pekin,ci.pekin.il.us,unreachable,,,
IL,Peru,peru.il.us,no_bid_page,domain,,
IL,Pinckneyville,ci.pinckneyville.il.us,no_bid_page,domain,,
IL,Pittsfield,pittsfieldil.org,unreachable,,,
IL,Plano,cityofplanoil.com,found,domain,https://cityofplanoil.com/Bids.aspx,no
IL,Pontiac,pontiac.org,found,domain,https://pontiac.org/Bids.aspx,no
IL,Princeton,princeton-il.com,no_bid_page,domain,,
IL,Prospect Heights,prospect-heights.il.us,found,domain,https://prospect-heights.il.us/Bids.aspx,yes
IL,Red Bud,cityofredbud.org,found,domain,https://cityofredbud.org/bid-opportunities,yes
IL,Robinson,cityofrobinson.com,no_bid_page,domain,,
IL,Rochelle,cityofrochelle.net,no_bid_page,domain,,
IL,Rock Falls,rockfalls61071.com,unreachable,,,
IL,Rock Island,rigov.org,found,homepage,https://rigov.org/Bids.aspx,yes
IL,Rolling Meadows,cityrm.org,found,homepage,https://cityrm.org/Bids.aspx,yes
IL,Rushville,schuylercountyillinois.com,no_bid_page,homepage,,
IL,Salem,salemil.us,unreachable,,,
IL,Savanna,savannaillinois.com,unreachable,,,
IL,Sesser,sesser.org,no_bid_page,domain,,
IL,Shelbyville,shelbyvilleillinois.net,no_bid_page,domain,,
IL,South Beloit,southbeloit.org,unreachable,,,
IL,Spring Valley,spring-valley.il.us,no_bid_page,domain,,
IL,Springfield,springfield.il.us,no_bid_page,domain,,
IL,St. Charles,ci.st-charles.il.us,unreachable,,,
IL,Staunton,stauntonil.com,unreachable,,,
IL,Stelle,stellecommunity.com,no_bid_page,domain,,
IL,Sterling,ci.sterling.il.us,unreachable,,,
IL,Streator,ci.streator.il.us,no_bid_page,domain,,
IL,Sullivan,sullivanil.us,no_bid_page,domain,,
IL,Sumner,sumnerillinois.com,unreachable,,,
IL,Sycamore,cityofsycamore.com,found,domain,https://cityofsycamore.com/Bids.aspx,yes
IL,Taylorville,taylorville.net,no_bid_page,domain,,
IL,Toluca,cityoftoluca.org,unreachable,,,
IL,Trenton,www3.trenton-il.com,unreachable,,,
IL,Troy,ci.troy.il.us,unreachable,,,
IL,Tuscola,tuscola.org,no_bid_page,domain,,
IL,Vandalia,vandaliaillinois.com,no_bid_page,domain,,
IL,Vienna,cityofviennail.net,no_bid_page,domain,,
IL,Villa Grove,villagrove.org,no_bid_page,domain,,
IL,Virginia,virginiaillinois.net,unreachable,,,
IL,Warrenville,warrenville.il.us,found,domain,https://warrenville.il.us/Bids.aspx,yes
IL,Washington,washington-illinois.org,unreachable,,,
IL,Waterloo,waterloo.il.us,found,domain,https://waterloo.il.us/notice-to-bidders,yes
IL,Watseka,watsekacity.com,no_bid_page,domain,,
IL,Wenona,cityofwenona.org,no_bid_page,domain,,
IL,West Chicago,westchicago.org,unreachable,,,
IL,West Frankfort,westfrankfort-il.com,no_bid_page,domain,,
IL,West Peoria,cityofwestpeoria.org,unreachable,,,
IL,Wheaton,wheaton.il.us,found,domain,https://wheaton.il.us/Bids.aspx,yes
IL,Wilmington,wilmington-il.com,no_bid_page,domain,,
IL,Wood Dale,wooddale.com,unreachable,,,
IL,Wood River,woodriver.org,found,domain,https://woodriver.org/bids,yes
IL,Wyoming,wyomingil.org,no_bid_page,domain,,
IL,Yorkville,yorkville.il.us,found,domain,https://yorkville.il.us/Bids.aspx,no
IL,Zeigler,zeigleril.com,unreachable,,,
IL,Zion,cityofzion.com,found,domain,https://cityofzion.com/bids,yes
KS,Abilene,abilenecityhall.com,found,domain,https://abilenecityhall.com/Bids.aspx,no
KS,Admire,admireks.com,unreachable,,,
KS,Alma,cityofalma-kansas.net,unreachable,,,
KS,Andale,cityofandale.com,unreachable,,,
KS,Andover,andoverks.com,found,domain,https://andoverks.com/Bids.aspx,yes
KS,Anthony,anthonykansas.org,no_bid_page,domain,,
KS,Argonia,cityofargonia.com,no_bid_page,domain,,
KS,Arma,armakansas.org,no_bid_page,domain,,
KS,Ashland,ashlandks.com,no_bid_page,domain,,
KS,Atchison,cityofatchison.com,found,domain,https://cityofatchison.com/doing-business/bids,yes
KS,Attica,cityofatticaks.com,found,domain,https://cityofatticaks.com/Bids.aspx,yes
KS,Atwood,atwoodkansas.com,unreachable,,,
KS,Auburn,auburnks.com,no_bid_page,domain,,
KS,Augusta,augustagov.org,no_bid_page,domain,,
KS,Axtell,axtellks.com,no_bid_page,domain,,
KS,Baldwin City,baldwincity.org,found,domain,https://baldwincity.org/Bids.aspx,yes
KS,Barnes,barnesks.net,unreachable,,,
KS,Basehor,cityofbasehor.org,found,domain,https://cityofbasehor.org/Bids.aspx,no
KS,Baxter Springs,baxtersprings.us,no_bid_page,domain,,
KS,Beeler,nesscountychamber.com,no_bid_page,homepage,,
KS,Belle Plaine,bpks.org,found,homepage,https://bpks.org/bids,yes
KS,Belleville,bellevilleks.org,no_bid_page,domain,,
KS,Beloit,beloitks.org,found,domain,https://beloitks.org/bids,yes
KS,Belvue,cityofbelvue.50megs.com,unreachable,,,
KS,Bennington,cityofbennington.com,no_bid_page,domain,,
KS,Bentley,bentleyks.webs.com,unreachable,,,
KS,Benton,bentonks.org,found,domain,https://bentonks.org/Bids.aspx,yes
KS,Blue Rapids,bluerapids.org,no_bid_page,domain,,
KS,Bonner Springs,bonnersprings.org,found,domain,https://bonnersprings.org/Bids.aspx,no
KS,Buhler,buhlerks.org,no_bid_page,domain,,
KS,Burdett,burdettks.org,no_bid_page,domain,,
KS,Burlingame,burlingameks.com,unreachable,,,
KS,Burns,burnsks.com,no_bid_page,domain,,
KS,Burrton,burrtonkansas.com,unreachable,,,
KS,Caldwell,cityofcaldwellks.com,unreachable,,,
KS,Caney,caneyks.com,found,domain,https://caneyks.com/Bids.aspx,no
KS,Canton,cantonks.org,no_bid_page,domain,,
KS,Carbondale,carbondaleks.com,found,domain,https://carbondaleks.com/Bids.aspx,yes
KS,Cawker City,cawkercitykansas.com,unreachable,,,
KS,Cedar Vale,cityofcedarvale.com,no_bid_page,domain,,
KS,Centralia,cityofcentraliaks.org,found,domain,https://cityofcentraliaks.org/government/purchasing,no
KS,Chanute,chanute.org,found,domain,https://chanute.org/Bids.aspx,no
KS,Chapman,chapmanks.com,unreachable,,,
KS,Cheney,cheneyks.org,no_bid_page,domain,,
KS,Cherryvale,cherryvaleusa.com,no_bid_page,domain,,
KS,Chetopa,chetopa.org,unreachable,,,
KS,Cimarron,cimarronks.org,no_bid_page,domain,,
KS,Clay Center,cityofclaycenter.com,no_bid_page,domain,,
KS,Clearwater,clearwaterks.org,found,domain,https://clearwaterks.org/bid-opportunities,yes
KS,Coffeyville,coffeyville.com,found,domain,https://coffeyville.com/Bids.aspx,yes
KS,Colby,cityofcolby.com,unreachable,,,
KS,Coldwater,coldwaterks.com,no_bid_page,domain,,
KS,Columbus,columbuscityhall.com,unreachable,,,
KS,Colwich,colwichks.org,no_bid_page,domain,,
KS,Concordia,concordiaks.org,no_bid_page,domain,,
KS,Conway Springs,conwayspringsks.com,no_bid_page,domain,,
KS,Cottonwood Falls,cottonwoodfallskansas.com,unreachable,,,
KS,Council Grove,councilgrove.com,no_bid_page,domain,,
KS,Courtland,courtlandks.com,no_bid_page,domain,,
KS,Cuba,cubakansas.com,no_bid_page,domain,,
KS,Culver,cityofculverkansas.org,no_bid_page,domain,,
KS,Cunningham,cunninghamks.net,no_bid_page,domain,,
KS,De Soto,desotoks.us,found,domain,https://desotoks.us/Bids.aspx,no
KS,Deerfield,deerfieldkansas.com,no_bid_page,domain,,
KS,Derby,derbyweb.com,unreachable,,,
KS,Dighton,dightonkansas.com,found,domain,https://dightonkansas.com/Bids.aspx,no
KS,Dodge City,dodgecity.org,found,domain,https://dodgecity.org/Bids.aspx,yes
KS,Douglass,cityofdouglassks.com,no_bid_page,domain,,
KS,Downs,downsks.net,no_bid_page,domain,,
KS,Dwight,dwightks.net,unreachable,,,
KS,Edgerton,edgertonks.org,found,domain,https://edgertonks.org/bids,yes
KS,Edwardsville,edwardsvilleks.org,found,domain,https://edwardsvilleks.org/Bids.aspx,no
KS,Effingham,thenewsleaf.com,unreachable,,,
KS,El Dorado,360eldorado.com,no_bid_page,domain,,
KS,Elbing,elbingks.com,unreachable,,,
KS,Elkhart,ci.elkhart.ks.us,no_bid_page,domain,,
KS,Ellinwood,cityofellinwoodks.com,no_bid_page,domain,,
KS,Ellis,ellis.ks.us,no_bid_page,domain,,
KS,Ellsworth,exploreellsworthcounty.com,unreachable,,,
KS,Elsmore,elsmorekansas.tripod.com,unreachable,,,
KS,Elwood,elwoodkansas.com,no_bid_page,domain,,
KS,Enterprise,enterpriseks.org,no_bid_page,domain,,
KS,Erie,erieks.com,no_bid_page,domain,,
KS,Esbon,esbonkansas.org,unreachable,,,
KS,Eskridge,eskridgeks.org,no_bid_page,domain,,
KS,Eureka,eurekaks.org,no_bid_page,domain,,
KS,Fairway,fairwaykansas.org,no_bid_page,domain,,
KS,Florence,florenceks.com,no_bid_page,domain,,
KS,Fontana,fontanaks.com,unreachable,,,
KS,Fort Leavenworth,home.army.mil,unreachable,,,
KS,Fort Riley,riley.army.mil,unreachable,,,
KS,Fort Scott,fortscott.com,found,domain,https://fortscott.com/rfp,yes
KS,Fowler,fowlerkansas.com,unreachable,,,
KS,Frankfort,cityoffrankfort.org,no_bid_page,domain,,
KS,Fredonia,fredoniaks.org,found,domain,https://fredoniaks.org/Bids.aspx,no
KS,Frontenac,frontenacks.net,unreachable,,,
KS,Galva,galvaks.com,unreachable,,,
KS,Garden City,garden-city.org,found,domain,https://garden-city.org/Bids.aspx,no
KS,Garden Plain,gardenplain.com,no_bid_page,domain,,
KS,Garnett,garnettks.net,unreachable,,,
KS,Gaylord,gaylordkansas.com,unreachable,,,
KS,Glasco,glascokansas.org,no_bid_page,domain,,
KS,Glen Elder,glenelder.com,no_bid_page,domain,,
KS,Goessel,goesselks.com,unreachable,,,
KS,Goodland,cityofgoodland.org,no_bid_page,domain,,
KS,Grandview Plaza,grandviewplaza.org,no_bid_page,domain,,
KS,Great Bend,greatbendks.net,found,domain,https://greatbendks.net/Bids.aspx,yes
KS,Greensburg,greensburgks.org,no_bid_page,domain,,
KS,Grenola,grenolaks.com,unreachable,,,
KS,Gridley,gridleyks.org,unreachable,,,
KS,Haddam,ci.haddam.ks.us,unreachable,,,
KS,Halstead,halsteadks.com,no_bid_page,domain,,
KS,Harper,cityofharper.com,found,domain,https://cityofharper.com/Bids.aspx,yes
KS,Haven,havenkansas.com,no_bid_page,domain,,
KS,Haviland,havilandkansas.com,unreachable,,,
KS,Hays,haysusa.com,found,domain,https://haysusa.com/Bids.aspx,no
KS,Haysville,haysville-ks.com,found,domain,https://haysville-ks.com/bids,no
KS,Herington,cityofherington.com,no_bid_page,domain,,
KS,Hesston,hesstonks.org,no_bid_page,domain,,
KS,Hiawatha,cityofhiawatha.org,unreachable,,,
KS,Highland,cityofhighlandkansas.com,unreachable,,,
KS,Hill City,discoverhillcity.com,no_bid_page,domain,,
KS,Hillsboro,cityofhillsboro.net,unreachable,,,
KS,Hoisington,hoisingtonks.org,unreachable,,,
KS,Holcomb,cityofholcomb.org,no_bid_page,domain,,
KS,Holton,holtonkansas.org,found,domain,https://holtonkansas.org/Bids.aspx,no
KS,Holyrood,holyroodkansas.com,unreachable,,,
KS,Hope,cityofhopeks.com,no_bid_page,domain,,
KS,Horton,hortonkansas.net,unreachable,,,
KS,Howard,cityofhoward.org,no_bid_page,domain,,
KS,Hudson,hudsonkansas.org,no_bid_page,domain,,
KS,Hugoton,cityofhugoton.com,no_bid_page,domain,,
KS,Humboldt,humboldtkansas.org,no_bid_page,domain,,
KS,Hutchinson,hutchgov.com,found,homepage,https://hutchgov.com/bids,no
KS,Inman,inmanks.org,found,domain,https://inmanks.org/Bids.aspx,yes
KS,Iola,cityofiola.com,found,domain,https://cityofiola.com/Bids.aspx,no
KS,Jetmore,jetmorekansas.com,unreachable,,,
KS,Kanopolis,kanopoliskansas.com,no_bid_page,domain,,
KS,Kanorado,cityofkanorado.com,unreachable,,,
KS,Kansas City,wycokck.org,found,homepage,https://wycokck.org/purchasing,no
KS,Kechi,kechiks.com,no_bid_page,domain,,
KS,Kingman,cityofkingman.com,no_bid_page,domain,,
KS,Kirwin,cityofkirwin.com,unreachable,,,
KS,Kismet,kismet.org,unreachable,,,
KS,La Crosse,cityoflacrosseks.com,no_bid_page,domain,,
KS,La Cygne,cityoflacygne.org,no_bid_page,domain,,
KS,Lake Quivira,cityoflakequivira.org,no_bid_page,domain,,
KS,Lakin,lakinkansas.org,no_bid_page,domain,,
KS,Lansing,lansing.ks.us,unreachable,,,
KS,Larned,cityoflarned.org,found,domain,https://cityoflarned.org/Bids.aspx,no
KS,Lawrence,lawrenceks.org,found,domain,https://lawrenceks.org/purchasing,yes
KS,LeRoy,leroykansas.com,no_bid_page,domain,,
KS,Leavenworth,leavenworthks.org,found,domain,https://leavenworthks.org/rfps,yes
KS,Leawood,leawood.org,found,domain,https://leawood.org/Bids.aspx,yes
KS,Lebanon,lebanon.mykansaslibrary.org,unreachable,,,
KS,Lebo,leboks.org,no_bid_page,domain,,
KS,Lecompton,lecompton.org,no_bid_page,domain,,
KS,Lenexa,lenexa.com,no_bid_page,domain,,
KS,Leoti,leotikansas.org,no_bid_page,domain,,
KS,Liberal,cityofliberal.org,found,domain,https://cityofliberal.org/Bids.aspx,no
KS,Lincoln Center,lincolnks.org,found,homepage,https://lincolnks.org/Bids.aspx,no
KS,Lindsborg,lindsborgcity.org,no_bid_page,domain,,
KS,Linn Valley,cityoflinnvalley.com,unreachable,,,
KS,Logan,discoverlogan.com,no_bid_page,domain,,
KS,Longford,longfordks.org,unreachable,,,
KS,Longton,cityoflongton.com,no_bid_page,domain,,
KS,Lorraine,lorrainekansas.com,no_bid_page,domain,,
KS,Lucas,lucaskansas.com,no_bid_page,domain,,
KS,Lyons,lyonsks.org,no_bid_page,domain,,
KS,Madison,madisonkschamber.org,no_bid_page,domain,,
KS,Manhattan,cityofmhk.com,unreachable,,,
KS,Mankato,mankatoks.com,no_bid_page,domain,,
KS,Marion,marionks.net,no_bid_page,domain,,
KS,Marquette,marquetteks.org,no_bid_page,domain,,
KS,Marysville,cityofmarysvilleks.com,unreachable,,,
KS,McLouth,cityofmclouth.org,no_bid_page,domain,,
KS,McPherson,mcphersonks.org,unreachable,,,
KS,Meade,cityofmeade.org,unreachable,,,
KS,Medicine Lodge,cyberlodg.com,unreachable,,,
KS,Melvern,melvernks.com,no_bid_page,domain,,
KS,Meriden,meridenks.com,no_bid_page,domain,,
KS,Merriam,merriam.org,found,domain,https://merriam.org/bids,yes
KS,Miltonvale,miltonvaleks.com,unreachable,,,
KS,Minneapolis,minneapolis-ks.com,no_bid_page,domain,,
KS,Minneola,minneolakansas.com,unreachable,,,
KS,Mission,missionks.org,no_bid_page,domain,,
KS,Mission Woods,missionwoods-ks.org,no_bid_page,domain,,
KS,Moline,molinekansas.com,unreachable,,,
KS,Montezuma,montezumaks.us,no_bid_page,domain,,
KS,Moscow,moscow.org,unreachable,,,
KS,Mound City,moundcity.org,no_bid_page,domain,,
KS,Moundridge,moundridge.com,no_bid_page,domain,,
KS,Mount Hope,mounthopecity.com,found,domain,https://mounthopecity.com/Bids.aspx,no
KS,Mulvane,mulvanekansas.com,found,domain,https://mulvanekansas.com/Bids.aspx,yes
KS,Natoma,cityofnatoma.com,found,domain,https://cityofnatoma.com/Bids.aspx,no
KS,Neodesha,neodesha.org,no_bid_page,domain,,
KS,New Century AirCenter,jocogov.org,not_this_town,,,
KS,New Strawn,newstrawn.org,no_bid_page,domain,,
KS,Newton,newtonkansas.com,no_bid_page,domain,,
KS,Nickerson,nickersonks.org,unreachable,,,
KS,Norcatur,cityofnorcatur.com,unreachable,,,
KS,North Newton,northnewton.org,unreachable,,,
KS,Norton,discovernorton.com,unreachable,,,
KS,Nortonville,nortonvilleks.com,no_bid_page,domain,,
KS,Oakley,discoveroakley.com,unreachable,,,
KS,Oberlin,oberlinks.com,no_bid_page,domain,,
KS,Oketo,lkm.org,unreachable,,,
KS,Olathe,olatheks.org,unreachable,,,
KS,Olsburg,olsburgks.com,no_bid_page,domain,,
KS,Onaga,onaga.org,found,domain,https://onaga.org/Bids.aspx,yes
KS,Osage City,osagecity.com,found,domain,https://osagecity.com/Bids.aspx,no
KS,Osawatomie,osawatomieks.org,no_bid_page,domain,,
KS,Osborne,discoverosborne.com,no_bid_page,domain,,
KS,Oskaloosa,cityofoskaloosaks.org,unreachable,,,
KS,Oswego,oswegokansas.com,unreachable,,,
KS,Overbrook,overbrookks.com,found,domain,https://overbrookks.com/Bids.aspx,yes
KS,Overland Park,opkansas.org,found,homepage,https://opkansas.org/bids,no
KS,Oxford,oxfordks.org,found,domain,https://oxfordks.org/government/purchasing,no
KS,Ozawkie,ozawkie.org,no_bid_page,domain,,
KS,Paola,cityofpaola.com,found,domain,https://cityofpaola.com/Bids.aspx,no
KS,Park City,parkcityks.com,no_bid_page,domain,,
KS,Parkerfield,parkerfieldks.org,no_bid_page,domain,,
KS,Parsons,parsonsks.com,no_bid_page,domain,,
KS,Partridge,sites.google.com,not_this_town,,,
KS,Pawnee Rock,pawneerock-ks.gov,unreachable,,,
KS,Paxico,paxicomerchants.com,unreachable,,,
KS,Peabody,peabodyks.com,unreachable,,,
KS,Perry,perrykansas.us,unreachable,,,
KS,Phillipsburg,cityofphillipsburg.com,found,domain,https://cityofphillipsburg.com/Bids.aspx,no
KS,Pittsburg,pittks.org,no_bid_page,homepage,,
KS,Plains,plains.org,no_bid_page,domain,,
KS,Plainville,plainvilleks.com,unreachable,,,
KS,Pleasanton,pleasantonkansas.org,unreachable,,,
KS,Plevna,skyways.lib.ks.us,unreachable,,,
KS,Pomona,pomonaks.com,unreachable,,,
KS,Potwin,potwinks.com,no_bid_page,domain,,
KS,Prairie Village,pvkansas.com,no_bid_page,homepage,,
KS,Pratt,cityofprattks.com,found,domain,https://cityofprattks.com/Bids.aspx,yes
KS,Ramona,ramonaks.com,found,domain,https://ramonaks.com/Bids.aspx,no
KS,Randolph,randolphks.com,no_bid_page,domain,,
KS,Ransom,cityofransomkansas.weebly.com,unreachable,,,
KS,Reading,readingks.com,no_bid_page,domain,,
KS,Richfield,richfield.org,no_bid_page,domain,,
KS,Riley,cityofriley.org,no_bid_page,domain,,
KS,Robinson,robinsonks.wordpress.com,no_bid_page,domain,,
KS,Roeland Park,roelandpark.net,found,domain,https://roelandpark.net/Bids.aspx,no
KS,Rolla,rolla.org,unreachable,,,
KS,Rose Hill,cityofrosehill.com,no_bid_page,domain,,
KS,Rossville,rossvillekansas.us,no_bid_page,domain,,
KS,Russell,russellcity.org,found,domain,https://russellcity.org/Bids.aspx,yes
KS,Sabetha,cityofsabetha.com,no_bid_page,domain,,
KS,Scott City,scottcitycofc.com,unreachable,,,
KS,Scranton,scrantonks.com,unreachable,,,
KS,Sedan,cityofsedan.com,no_bid_page,domain,,
KS,Selden,seldenks.org,no_bid_page,domain,,
KS,Seneca,seneca-kansas.us,no_bid_page,domain,,
KS,Sharon Springs,wallacecounty.net,unreachable,,,
KS,Shawnee,cityofshawnee.org,found,domain,https://cityofshawnee.org/Bids.aspx,no
KS,Silver Lake,silverlakeks.org,no_bid_page,domain,,
KS,Smith Center,smithcenterks.com,found,domain,https://smithcenterks.com/Bids.aspx,yes
KS,South Haven,cityofsouthhaven.com,unreachable,,,
KS,South Hutchinson,southhutch.com,no_bid_page,homepage,,
KS,Spearville,spearville.org,no_bid_page,domain,,
KS,Spring Hill,springhillks.com,unreachable,,,
KS,St. Francis,stfranciskansas.com,no_bid_page,domain,,
KS,St. John,stjohnkansas.com,no_bid_page,domain,,
KS,St. Marys,saintmarys.com,not_this_town,,,
KS,St. Paul,stpaulks.us,no_bid_page,domain,,
KS,Stafford,cityofstaffordks.com,unreachable,,,
KS,Sterling,sterling-kansas.com,found,domain,https://sterling-kansas.com/Bids.aspx,yes
KS,Stockton,stocktonkansas.net,unreachable,,,
KS,Strong City,strong-city.org,no_bid_page,domain,,
KS,Summerfield,marshallco.net,unreachable,,,
KS,Sylvan Grove,sylvangrovekansas.com,unreachable,,,
KS,Tescott,cityoftescott.com,unreachable,,,
KS,Thayer,thayerks.com,no_bid_page,domain,,
KS,Tipton,tiptonkansas.com,no_bid_page,domain,,
KS,Tonganoxie,tonganoxie.org,unreachable,,,
KS,Topeka,topeka.org,unreachable,,,
KS,Troy,troykansas.com,no_bid_page,domain,,
KS,Udall,cityofudall.com,found,domain,https://cityofudall.com/Bids.aspx,no
KS,Ulysses,cityofulysses.com,no_bid_page,domain,,
KS,Uniontown,cityofuniontown.net,unreachable,,,
KS,Valley Center,valleycenterks.org,unreachable,,,
KS,Valley Falls,valleyfalls.org,found,domain,https://valleyfalls.org/Bids.aspx,yes
KS,Victoria,victoriaks.com,no_bid_page,domain,,
KS,WaKeeney,wakeeney.org,no_bid_page,domain,,
KS,Wakefield,wakefieldks.com,no_bid_page,domain,,
KS,Wamego,wamego.org,no_bid_page,domain,,
KS,Washington,washingtonks.net,found,domain,https://washingtonks.net/Bids.aspx,no
KS,Waterville,watervillekansas.com,unreachable,,,
KS,Wathena,wathenakansas.com,unreachable,,,
KS,Waverly,cityofwaverly.org,unreachable,,,
KS,Wellington,cityofwellington.net,found,domain,https://cityofwellington.net/Bids.aspx,yes
KS,Wellsville,cityofwellsvilleks.org,no_bid_page,domain,,
KS,Westmoreland,cityofwestmorelandks.org,no_bid_page,domain,,
KS,Westwood,westwoodks.org,unreachable,,,
KS,Westwood Hills,westwoodhills.org,no_bid_page,domain,,
KS,Whitewater,whitewaterks.com,unreachable,,,
KS,Williamsburg,williamsburgks.us,no_bid_page,domain,,
KS,Wilson,wilsonkansas.com,found,domain,https://wilsonkansas.com/Bids.aspx,no
KS,Windom,skyways.org,not_this_town,,,
KS,Winfield,winfieldks.org,no_bid_page,domain,,
KS,Yates Center,cityofyatescenter.com,no_bid_page,domain,,
KS,Yoder,yoderkansas.com,unreachable,,,
KY,Alexandria,alexandriaky.org,unreachable,,,
KY,Anchorage,cityofanchorage.org,found,domain,https://cityofanchorage.org/bids,yes
KY,Ashland,ashlandky.org,unreachable,,,
KY,Barbourmeade,barbourmeade.org,no_bid_page,domain,,
KY,Barbourville,cityofbarbourville.com,no_bid_page,domain,,
KY,Bardstown,cityofbardstown.org,no_bid_page,domain,,
KY,Beattyville,beattyville.org,found,domain,https://beattyville.org/rfp,no
KY,Beaver Dam,beaverdamkentucky.com,found,domain,https://beaverdamkentucky.com/Bids.aspx,yes
KY,Bedford,bestplaces.net,unreachable,,,
KY,Bellefonte,bellefonte.ky.gov,unreachable,,,
KY,Bellevue,bellevueky.org,found,domain,https://bellevueky.org/rfp,no
KY,Benham,benhamky.org,no_bid_page,domain,,
KY,Benton,cityofbenton.org,no_bid_page,domain,,
KY,Bloomfield,bloomfieldky.com,unreachable,,,
KY,Bonnieville,bonnieville.org,unreachable,,,
KY,Boonesborough,parks.ky.gov,not_this_town,,,
KY,Booneville,owsleycountykentucky.org,unreachable,,,
KY,Bowling Green,bgky.org,found,homepage,https://bgky.org/bids,yes
KY,Brandenburg,brandenburgky.org,unreachable,,,
KY,Briarwood,briarwoodky.net,found,domain,https://briarwoodky.net/Bids.aspx,yes
KY,Bromley,cityofbromley.org,unreachable,,,
KY,Brownsboro Village,brownsborovillage.org,no_bid_page,domain,,
KY,Burkesville,burkesville.com,unreachable,,,
KY,Cadiz,cadiz.ky.gov,no_bid_page,domain,,
KY,Campbellsville,campbellsville.us,found,domain,https://campbellsville.us/bids,yes
KY,Carlisle,carlisle.ky.gov,unreachable,,,
KY,Carrollton,carrolltonky.net,unreachable,,,
KY,Clinton,hickmancounty.ky.gov,unreachable,,,
KY,Cloverport,cloverport.com,unreachable,,,
KY,Cold Spring,coldspringky.com,no_bid_page,domain,,
KY,Columbia,cityofcolumbiaky.com,no_bid_page,domain,,
KY,Corinth,corinth.ky.gov,no_bid_page,domain,,
KY,Crescent Springs,crescent-springs.ky.us,no_bid_page,domain,,
KY,Crestview Hills,crestviewhills.com,unreachable,,,
KY,Cynthiana,cynthianaky.com,unreachable,,,
KY,Danville,danvilleky.org,found,domain,https://danvilleky.org/Bids.aspx,yes
KY,Dayton,daytonky.com,no_bid_page,domain,,
KY,Edgewood,edgewoodky.com,no_bid_page,domain,,
KY,Edmonton,cityofedmontonky.com,no_bid_page,domain,,
KY,Elizabethtown,elizabethtownky.org,no_bid_page,domain,,
KY,Elkton,elktonky.com,unreachable,,,
KY,Elsmere,cityofelsmere.com,unreachable,,,
KY,Eminence,eminencekentucky.com,unreachable,,,
KY,Erlanger,ci.erlanger.ky.us,unreachable,,,
KY,Evarts,evartskentucky.com,unreachable,,,
KY,Falmouth,cityoffalmouth.com,unreachable,,,
KY,Flatwoods,flatwoodsky.org,unreachable,,,
KY,Fort Campbell,campbell.army.mil,unreachable,,,
KY,Frankfort,frankfort.ky.gov,found,domain,https://frankfort.ky.gov/Bids.aspx,no
KY,Franklin,franklinky.org,no_bid_page,domain,,
KY,Fulton,fulton-ky.com,unreachable,,,
KY,Glasgow,glasgow-ky.com,no_bid_page,domain,,
KY,Graymoor-Devondale,graymoor-devondale.com,no_bid_page,domain,,
KY,Grayson,graysonky.net,unreachable,,,
KY,Greensburg,greensburgonline.com,no_bid_page,domain,,
KY,Guthrie,guthrieky.com,no_bid_page,domain,,
KY,Hanson,cityofhanson.com,no_bid_page,domain,,
KY,Hardinsburg,hardinsburg.ky.gov,unreachable,,,
KY,Harrodsburg,harrodsburgcity.org,unreachable,,,
KY,Hartford,hartfordkentucky.com,unreachable,,,
KY,Hazard,cityofhazard.com,unreachable,,,
KY,Hazel,hazelky.com,unreachable,,,
KY,Henderson,cityofhendersonky.org,unreachable,,,
KY,Hodgenville,hodgenville.ky.gov,unreachable,,,
KY,Hopkinsville,hoptown.org,found,homepage,https://hoptown.org/bids,yes
KY,Horse Cave,horsecaveky.com,no_bid_page,domain,,
KY,Hurstbourne,hurstbourne.org,no_bid_page,domain,,
KY,Hurstbourne Acres,hurstbourneacres.org,no_bid_page,domain,,
KY,Independence,cityofindependence.org,found,domain,https://cityofindependence.org/Bids.aspx,yes
KY,Indian Hills,indianhillsky.org,found,domain,https://indianhillsky.org/doing-business/bids,yes
KY,Inez,inez.ky.gov,no_bid_page,domain,,
KY,Jackson,kyhometown.com,not_this_town,,,
KY,Jeffersontown,jeffersontownky.com,found,domain,https://jeffersontownky.com/Bids.aspx,yes
KY,Kingsley,cityofkingsley.org,no_bid_page,domain,,
KY,La Grange,lagrangeky.net,no_bid_page,domain,,
KY,Lakeside Park,cityoflakesidepark.com,no_bid_page,domain,,
KY,Lakeview Heights,lakeviewheightsky.us,unreachable,,,
KY,Langdon Place,langdonplace.com,no_bid_page,domain,,
KY,Lawrenceburg,lawrenceburgky.org,no_bid_page,domain,,
KY,Lebanon,lebanon.ky.gov,no_bid_page,domain,,
KY,Leitchfield,leitchfield.org,unreachable,,,
KY,Lewisport,lewisport.cityof.org,no_bid_page,domain,,
KY,Liberty,libertycaseycounty.com,unreachable,,,
KY,London,cityoflondonky.org,unreachable,,,
KY,Ludlow,ludlow.org,unreachable,,,
KY,Lyndon,cityofdublin.org,not_this_town,,,
KY,Lynnview,cityoflynnview.com,no_bid_page,domain,,
KY,Madisonville,madisonvillegov.com,unreachable,,,
KY,Mammoth Cave National Park,nps.gov,not_this_town,,,
KY,Mayfield,cityofmayfield.org,no_bid_page,domain,,
KY,Middlesboro,middlesborokentucky.net,unreachable,,,
KY,Middletown,cityofmiddletownky.org,unreachable,,,
KY,Midway,meetmeinmidway.com,no_bid_page,domain,,
KY,Millersburg,millersburgky.com,no_bid_page,domain,,
KY,Monticello,monticelloky.com,unreachable,,,
KY,Morganfield,morganfieldkentucky.com,unreachable,,,
KY,Morgantown,morgantown-ky.com,no_bid_page,domain,,
KY,Mortons Gap,mortonsgap.ky.gov,no_bid_page,domain,,
KY,New Castle,newcastleky.com,found,domain,https://newcastleky.com/procurement,yes
KY,Nicholasville,nicholasville.org,no_bid_page,domain,,
KY,Nortonville,um-palembang.ac.id,not_this_town,,,
KY,Olive Hill,olivehill.ky.gov,no_bid_page,domain,,
KY,Owensboro,owensboro.org,found,domain,https://owensboro.org/purchasing,yes
KY,Paris,paris.ky.gov,found,domain,https://paris.ky.gov/Bids.aspx,yes
KY,Pikeville,cityofpikeville.com,unreachable,,,
KY,Pineville,cityofpinevillekentucky.org,unreachable,,,
KY,Prestonsburg,prestonsburgky.org,found,domain,https://prestonsburgky.org/rfps,yes
KY,Princeton,princeton.ky.gov,unreachable,,,
KY,Prospect,prospectky.us,unreachable,,,
KY,Radcliff,radcliff.org,no_bid_page,domain,,
KY,Richmond,richmond.ky.us,no_bid_page,domain,,
KY,Russellville,russellvilleky.org,no_bid_page,domain,,
KY,Science Hill,cityofsciencehill.com,unreachable,,,
KY,Scottsville,scottsvilleky.org,no_bid_page,domain,,
KY,Shelbyville,shelbyvillekentucky.com,found,domain,https://shelbyvillekentucky.com/Bids.aspx,yes
KY,Shepherdsville,shepherdsville.net,no_bid_page,domain,,
KY,Shively,shivelyky.org,unreachable,,,
KY,Somerset,cityofsomerset.com,no_bid_page,domain,,
KY,Springfield,springfieldky.org,no_bid_page,domain,,
KY,St. Matthews,stmatthews.org,no_bid_page,domain,,
KY,Stanford,stanfordky.org,no_bid_page,domain,,
KY,Strathmoor Village,cityofstrathmoorvillage.com,no_bid_page,domain,,
KY,Taylorsville,taylorsvillewater.org,unreachable,,,
KY,Union,cityofunionky.org,found,domain,https://cityofunionky.org/bids,yes
KY,Versailles,versailles.ky.gov,unreachable,,,
KY,Villa Hills,villahillsky.org,no_bid_page,domain,,
KY,Wallins Creek,wallinscreek.com,no_bid_page,domain,,
KY,Water Valley,pinpointair.com,unreachable,,,
KY,Wellington,cityofwellingtonky.com,no_bid_page,domain,,
KY,West Liberty,cityofwestliberty.com,no_bid_page,domain,,
KY,West Point,westpointky.org,unreachable,,,
KY,Whitesburg,cityofwhitesburg.com,no_bid_page,domain,,
KY,Wickliffe,wickliffe.ky.gov,no_bid_page,domain,,
KY,Williamsburg,williamsburgky.com,no_bid_page,domain,,
KY,Williamstown,wtownky.org,no_bid_page,homepage,,
KY,Wilmore,wilmore.org,no_bid_page,domain,,
KY,Winchester,winchesterky.com,unreachable,,,
KY,Windy Hills,cityofwindyhills.com,no_bid_page,domain,,
KY,Worthington,worthington-ky.com,unreachable,,,
KY,Worthington Hills,worthingtonhillsky.org,no_bid_page,domain,,
MO,Adrian,adrianmo.com,unreachable,,,
MO,Albany,albanymo.net,unreachable,,,
MO,Appleton City,acmogov.com,found,homepage,https://acmogov.com/Bids.aspx,no
MO,Arbyrd,arbyrdmissouri.com,no_bid_page,domain,,
MO,Arnold,arnoldmo.org,found,domain,https://arnoldmo.org/rfp,yes
MO,Ashland,ashlandmo.us,found,domain,https://ashlandmo.us/Bids.aspx,yes
MO,Augusta,augusta-missouri.com,no_bid_page,domain,,
MO,Aurora,aurora-cityhall.org,found,domain,https://aurora-cityhall.org/Bids.aspx,yes
MO,Ava,avamissouri.org,found,domain,https://avamissouri.org/Bids.aspx,no
MO,Ballwin,ballwin.mo.us,no_bid_page,domain,,
MO,Bates City,batescity.net,no_bid_page,domain,,
MO,Battlefield,battlefieldmo.org,unreachable,,,
MO,Bella Villa,cityofbellavilla-mo.org,unreachable,,,
MO,Bellefontaine Neighbors,cityofbn.com,no_bid_page,homepage,,
MO,Belton,belton.org,found,domain,https://belton.org/bids,yes
MO,Berkeley,cityofberkeley.us,no_bid_page,domain,,
MO,Bethany,bethanymo.com,found,domain,https://bethanymo.com/bids,no
MO,Beverly Hills,cityofbeverlyhillsmo.org,no_bid_page,domain,,
MO,Billings,billingsmo.com,no_bid_page,domain,,
MO,Black Jack,cityofblackjack.com,found,domain,https://cityofblackjack.com/Bids.aspx,yes
MO,Blue Springs,bluespringsgov.com,found,domain,https://bluespringsgov.com/Bids.aspx,yes
MO,Bolivar,bolivar.mo.us,unreachable,,,
MO,Bonne Terre,bonneterre.net,no_bid_page,domain,,
MO,Boonville,boonvillemo.org,no_bid_page,domain,,
MO,Branson,cityofbranson.org,unreachable,,,
MO,Breckenridge Hills,breckenridge-hills.mo.us,unreachable,,,
MO,Brentwood,brentwoodmo.org,found,domain,https://brentwoodmo.org/Bids.aspx,no
MO,Bridgeton,bridgetonmo.com,found,domain,https://bridgetonmo.com/Bids.aspx,no
MO,Brookfield,brookfieldcity.com,no_bid_page,domain,,
MO,Brunswick,brunswickmo.com,no_bid_page,domain,,
MO,Buffalo,buffalomissouri.us,no_bid_page,domain,,
MO,Butler,ci.butler.mo.us,unreachable,,,
MO,Cabool,caboolmo.org,unreachable,,,
MO,California,cityofcalifornia.net,no_bid_page,domain,,
MO,Camdenton,camdentoncity.com,no_bid_page,domain,,
MO,Cameron,cameron-mo.com,unreachable,,,
MO,Cape Girardeau,cityofcapegirardeau.org,unreachable,,,
MO,Carrollton,carrolltonareachamber.org,no_bid_page,domain,,
MO,Carterville,cartervillemo.com,no_bid_page,domain,,
MO,Caruthersville,caruthersvillecity.com,unreachable,,,
MO,Cassville,cityofcassville.com,no_bid_page,domain,,
MO,Centralia,centraliamo.org,unreachable,,,
MO,Charlack,cityofcharlack.com,unreachable,,,
MO,Charleston,charlestonmo.us,no_bid_page,domain,,
MO,Chesterfield,chesterfield.mo.us,found,domain,https://chesterfield.mo.us/Bids.aspx,yes
MO,Chillicothe,chillicothecity.org,no_bid_page,domain,,
MO,Clarksville,clarksvillemo.us,no_bid_page,domain,,
MO,Clever,clevermo.com,no_bid_page,domain,,
MO,Clinton,clintonmo.com,found,domain,https://clintonmo.com/bids,no
MO,Crane,crane-mo.com,no_bid_page,domain,,
MO,Crestwood,ci.crestwood.mo.us,unreachable,,,
MO,Creve Coeur,creve-coeur.org,unreachable,,,
MO,Crystal City,crystalcitymo.org,unreachable,,,
MO,Cuba,cubamomurals.com,no_bid_page,domain,,
MO,Dardenne Prairie,dardenneprairie.org,no_bid_page,domain,,
MO,De Soto,desotomo.com,no_bid_page,domain,,
MO,Deepwater,deepwatermissouri.com,unreachable,,,
MO,Des Peres,desperesmo.org,found,domain,https://desperesmo.org/Bids.aspx,yes
MO,Desloge,desloge.com,unreachable,,,
MO,Duenweg,duenwegmo.com,no_bid_page,domain,,
MO,Edmundson,cityofedmundson.com,no_bid_page,domain,,
MO,Ellisville,ellisville.mo.us,found,domain,https://ellisville.mo.us/Bids.aspx,no
MO,Eureka,eureka.mo.us,found,domain,https://eureka.mo.us/Bids.aspx,no
MO,Excelsior Springs,cityofesmo.com,unreachable,,,
MO,Fair Grove,fairgrove.org,no_bid_page,domain,,
MO,Fayette,fayette.missouri.org,unreachable,,,
MO,Fenton,fentonmo.org,found,domain,https://fentonmo.org/Bids.aspx,yes
MO,Ferguson,fergusoncity.com,unreachable,,,
MO,Festus,cityoffestus.org,unreachable,,,
MO,Florissant,florissantmo.com,found,domain,https://florissantmo.com/Bids.aspx,no
MO,Forsyth,forsyth-mo.com,no_bid_page,domain,,
MO,Fredericktown,fredericktownmo.org,no_bid_page,domain,,
MO,Frontenac,cityoffrontenac.org,no_bid_page,domain,,
MO,Fulton,fultonmo.org,no_bid_page,domain,,
MO,Gladstone,gladstone.mo.us,unreachable,,,
MO,Glasgow,glasgowmo.com,no_bid_page,domain,,
MO,Goodman,goodmanmo.net,unreachable,,,
MO,Grandview,grandview.org,unreachable,,,
MO,Grant City,grantcity.us,no_bid_page,domain,,
MO,Greendale,cityofgreendalemo.us,unreachable,,,
MO,Greenfield,greenfieldmo.org,no_bid_page,domain,,
MO,Hallsville,hallsvillemissouri.wordpress.com,unreachable,,,
MO,Harrisonville,ci.harrisonville.mo.us,found,domain,https://ci.harrisonville.mo.us/Bids.aspx,no
MO,Hawk Point,hawkpointmo.com,no_bid_page,domain,,
MO,Hazelwood,hazelwoodmo.org,found,domain,https://hazelwoodmo.org/Bids.aspx,no
MO,Herculaneum,cityofherculaneum.org,no_bid_page,domain,,
MO,Hermann,hermannmo.com,unreachable,,,
MO,Hillsboro,hillsboromo.org,unreachable,,,
MO,Houston,houstonmo.org,no_bid_page,domain,,
MO,Iron Mountain Lake,cityofironmountainlake.org,unreachable,,,
MO,Jackson,jacksonmo.org,unreachable,,,
MO,Jane,villageofjane.com,no_bid_page,domain,,
MO,Jennings,cityofjennings.org,found,domain,https://cityofjennings.org/Bids.aspx,no
MO,Joplin,joplinmo.org,found,domain,https://joplinmo.org/Bids.aspx,yes
MO,Kearney,ci.kearney.mo.us,unreachable,,,
MO,Kennett,kennettmo.com,unreachable,,,
MO,Kimberling City,ckcmo.com,no_bid_page,homepage,,
MO,Kinloch,cityofkinloch.org,unreachable,,,
MO,Kirksville,kirksvillecity.com,no_bid_page,domain,,
MO,Kirkwood,kirkwoodmo.org,unreachable,,,
MO,Knob Noster,knobnostergov.com,no_bid_page,domain,,
MO,La Plata,cityoflaplata.net,no_bid_page,domain,,
MO,Lake Lotawana,lakelotawana.org,no_bid_page,domain,,
MO,Lake St. Louis,lakesaintlouis.com,not_this_town,,,
MO,Lamar,cityoflamar.org,found,domain,https://cityoflamar.org/Bids.aspx,no
MO,Lathrop,cityoflathropmo.com,unreachable,,,
MO,Laurie,cityoflaurie.com,no_bid_page,domain,,
MO,Lebanon,lebanonmissouri.org,no_bid_page,domain,,
MO,Lee's Summit,lees-summit.mo.us,found,domain,https://lees-summit.mo.us/Bids.aspx,yes
MO,Leeton,cityofleeton.com,found,domain,https://cityofleeton.com/Bids.aspx,yes
MO,Lexington,lexingtonmo.com,unreachable,,,
MO,Liberty,ci.liberty.mo.us,unreachable,,,
MO,Lilbourn,lilbournmo.com,unreachable,,,
MO,Linn,cityoflinn.com,no_bid_page,domain,,
MO,Louisiana,louisiana-mo.com,found,domain,https://louisiana-mo.com/Bids.aspx,yes
MO,Malden,maldenmo.com,no_bid_page,domain,,
MO,Mansfield,mansfieldcityhall.org,no_bid_page,domain,,
MO,Maplewood,cityofmaplewood.com,unreachable,,,
MO,Marceline,marceline.org,no_bid_page,domain,,
MO,Marshall,marshall-mo.com,no_bid_page,domain,,
MO,Maryland Heights,marylandheights.com,unreachable,,,
MO,Maryville,maryville.org,found,domain,https://maryville.org/Bids.aspx,yes
MO,Mexico,mexicomissouri.net,found,domain,https://mexicomissouri.net/Bids.aspx,no
MO,Moberly,moberlymo.org,found,domain,https://moberlymo.org/Bids.aspx,yes
MO,Monett,cityofmonett.com,unreachable,,,
MO,Monroe City,monroecitymo.org,unreachable,,,
MO,Montgomery City,montgomerycitymo.org,no_bid_page,domain,,
MO,Mound City,moundcitymo.com,no_bid_page,domain,,
MO,Neosho,neoshomo.org,unreachable,,,
MO,New Haven,newhavenmo.org,no_bid_page,domain,,
MO,New Madrid,new-madrid.mo.us,unreachable,,,
MO,Nixa,nixa.com,found,domain,https://nixa.com/purchasing,yes
MO,Noel,4noel.com,no_bid_page,domain,,
MO,North Kansas City,nkc.org,unreachable,,,
MO,Northwoods,cityofnorthwoods.com,unreachable,,,
MO,O'Fallon,ofallon.mo.us,found,domain,https://ofallon.mo.us/bid-opportunities,yes
MO,Oakland,oaklandmo.org,no_bid_page,domain,,
MO,Odessa,cityofodessamo.com,no_bid_page,domain,,
MO,Olivette,olivettemo.com,found,domain,https://olivettemo.com/Bids.aspx,no
MO,Osceola,cityofosceolamo.com,no_bid_page,domain,,
MO,Overland,overlandmo.org,found,domain,https://overlandmo.org/Bids.aspx,yes
MO,Owensville,cityofowensville.com,no_bid_page,domain,,
MO,Ozark,ozarkmissouri.com,found,domain,https://ozarkmissouri.com/Bids.aspx,no
MO,Pacific,pacificmissouri.com,unreachable,,,
MO,Pagedale,cityofpagedale.com,no_bid_page,domain,,
MO,Palmyra,greatriverroad.com,not_this_town,,,
MO,Paris,www2.parismo.net,unreachable,,,
MO,Park Hills,parkhillsmo.net,no_bid_page,domain,,
MO,Pevely,cityofpevely.org,found,domain,https://cityofpevely.org/Bids.aspx,yes
MO,Piedmont,cityofpiedmont.com,no_bid_page,domain,,
MO,Pineville,pinevillemo.us,no_bid_page,domain,,
MO,Platte City,plattecity.org,found,domain,https://plattecity.org/Bids.aspx,yes
MO,Platte Woods,cityofplattewoods.org,unreachable,,,
MO,Plattsburg,plattsburgmo.com,unreachable,,,
MO,Pleasant Hill,pleasanthill.com,found,domain,https://pleasanthill.com/Bids.aspx,yes
MO,Pleasant Hope,cityofpleasanthope.com,unreachable,,,
MO,Pleasant Valley,pleasantvalleymo.org,no_bid_page,domain,,
MO,Q966965,glendalemo.org,not_this_town,,,
MO,Raymore,raymore.com,unreachable,,,
MO,Raytown,raytown.mo.us,no_bid_page,domain,,
MO,Republic,republicmo.com,found,domain,https://republicmo.com/Bids.aspx,no
MO,Richland,richlandmo.info,no_bid_page,domain,,
MO,Richmond,cityofrichmondmo.org,found,domain,https://cityofrichmondmo.org/bid-opportunities,yes
MO,Richmond Heights,richmondheights.org,no_bid_page,domain,,
MO,Rock Port,rpmo.com,unreachable,,,
MO,Rolla,rollacity.org,unreachable,,,
MO,Salem,salemmo.com,unreachable,,,
MO,Sarcoxie,lasr.net,not_this_town,,,
MO,Savannah,savannahmo.net,unreachable,,,
MO,Scott City,scottcitymo.org,no_bid_page,domain,,
MO,Sedalia,cityofsedalia.com,no_bid_page,domain,,
MO,Seligman,thecityofseligman.com,unreachable,,,
MO,Seymour,seymourmissouri.org,found,domain,https://seymourmissouri.org/bid-opportunities,yes
MO,Sikeston,sikeston.org,found,domain,https://sikeston.org/bids,yes
MO,Smithville,smithvillemo.org,no_bid_page,domain,,
MO,St. Ann,stannmo.org,found,domain,https://stannmo.org/Bids.aspx,yes
MO,St. Charles,stcharlescity.com,no_bid_page,domain,,
MO,St. James,stjamesmissouri.org,unreachable,,,
MO,St. Louis,greaterstlinc.com,no_bid_page,homepage,,
MO,St. Paul,cityofstpaulmissouri.com,unreachable,,,
MO,St. Peters,stpetersmo.net,found,domain,https://stpetersmo.net/Bids.aspx,yes
MO,Ste. Genevieve,stegenevieve.org,unreachable,,,
MO,Steelville,steelville.com,no_bid_page,domain,,
MO,Sullivan,sullivan.mo.us,no_bid_page,domain,,
MO,Sunset Hills,sunset-hills.com,found,domain,https://sunset-hills.com/Bids.aspx,yes
MO,Town and Country,town-and-country.org,found,domain,https://town-and-country.org/Bids.aspx,yes
MO,Trenton,trentonmo.com,found,domain,https://trentonmo.com/bids,yes
MO,Troy,cityoftroymissouri.com,unreachable,,,
MO,Union,unionmissouri.org,unreachable,,,
MO,University City,ucitymo.org,found,homepage,https://ucitymo.org/Bids.aspx,yes
MO,Valley Park,valleyparkmo.org,unreachable,,,
MO,Velda City,veldacity.org,no_bid_page,domain,,
MO,Viburnum,viburnum.net,unreachable,,,
MO,Vinita Park,vinitapark.org,no_bid_page,domain,,
MO,Warrensburg,warrensburg-mo.com,found,domain,https://warrensburg-mo.com/Bids.aspx,yes
MO,Warrenton,warrenton-mo.org,unreachable,,,
MO,Warsaw,welcometowarsaw.com,unreachable,,,
MO,Warson Woods,warsonwoods.com,no_bid_page,domain,,
MO,Washington,ci.washington.mo.us,unreachable,,,
MO,Waynesville,waynesvillemo.org,no_bid_page,domain,,
MO,Webster Groves,webstergroves.org,unreachable,,,
MO,Wellington,wellingtonmo.com,no_bid_page,domain,,
MO,Wentzville,wentzvillemo.org,unreachable,,,
MO,West Plains,westplains.net,unreachable,,,
MO,Wildwood,cityofwildwood.com,found,domain,https://cityofwildwood.com/Bids.aspx,yes
MO,Willard,cityofwillard.org,no_bid_page,domain,,
MO,Windsor,windsormo.org,no_bid_page,domain,,
MO,Wood Heights,cityofwoodheights.org,unreachable,,,
MO,Woodson Terrace,woodsonterrace.net,no_bid_page,domain,,
MO,Wright City,wrightcity.org,unreachable,,,
NE,Ainsworth,cityofainsworth.com,no_bid_page,domain,,
NE,Albion,cityofalbion-ne.com,unreachable,,,
NE,Alliance,cityofalliance.net,found,domain,https://cityofalliance.net/Bids.aspx,no
NE,Alma,almacity.com,found,domain,https://almacity.com/Bids.aspx,yes
NE,Arapahoe,arapahoenebraska.com,no_bid_page,domain,,
NE,Ashland,ashland-ne.com,no_bid_page,domain,,
NE,Atkinson,atkinsonne.com,no_bid_page,domain,,
NE,Auburn,auburn.ne.gov,no_bid_page,domain,,
NE,Aurora,cityofaurora.org,no_bid_page,domain,,
NE,Bassett,bassettnebr.com,no_bid_page,domain,,
NE,Beatrice,beatrice.ne.gov,no_bid_page,domain,,
NE,Bellevue,bellevue.net,unreachable,,,
NE,Bennet,lancaster.ne.gov,not_this_town,,,
NE,Bennington,cityofbennington.wordpress.com,unreachable,,,
NE,Blair,blairnebraska.org,unreachable,,,
NE,Blue Hill,bluehillne.com,no_bid_page,domain,,
NE,Bridgeport,cityofbport.com,unreachable,,,
NE,Broken Bow,cityofbrokenbow.org,no_bid_page,domain,,
NE,Butte,buttenebraska.com,unreachable,,,
NE,Cambridge,cambridgene.org,no_bid_page,domain,,
NE,Center,centerne.com,found,domain,https://centerne.com/Bids.aspx,yes
NE,Central City,cc-ne.com,unreachable,,,
NE,Chadron,chadron-nebraska.com,found,domain,https://chadron-nebraska.com/Bids.aspx,yes
NE,Chappell,chappellne.org,unreachable,,,
NE,Clay Center,ci.clay-center.ne.us,unreachable,,,
NE,Columbus,columbusne.us,found,domain,https://columbusne.us/Bids.aspx,no
NE,Cozad,cozadnebraska.net,unreachable,,,
NE,Crawford,crawfordnebraska.net,no_bid_page,domain,,
NE,Creighton,creighton.org,unreachable,,,
NE,Crete,crete-ne.com,unreachable,,,
NE,Crofton,crofton-nebraska.com,no_bid_page,domain,,
NE,Curtis,curtis-ne.com,unreachable,,,
NE,Dakota City,dakotacity.net,no_bid_page,domain,,
NE,David City,davidcityne.com,no_bid_page,domain,,
NE,Dodge,ci.dodge.ne.us,unreachable,,,
NE,Elwood,elwoodnebraska.com,no_bid_page,domain,,
NE,Fairbury,fairburyne.org,found,domain,https://fairburyne.org/Bids.aspx,no
NE,Falls City,fallscityonline.com,unreachable,,,
NE,Franklin,franklinnebraska.com,no_bid_page,domain,,
NE,Fremont,fremont.ne.gov,unreachable,,,
NE,Friend,ci.friend.ne.us,unreachable,,,
NE,Fullerton,fullerton-ne.com,no_bid_page,domain,,
NE,Geneva,genevane.org,no_bid_page,domain,,
NE,Genoa,ci.genoa.ne.us,no_bid_page,domain,,
NE,Gering,gering.org,no_bid_page,domain,,
NE,Gibbon,cityofgibbon.org,no_bid_page,domain,,
NE,Gordon,gordon-ne.us,unreachable,,,
NE,Gothenburg,ci.gothenburg.ne.us,found,domain,https://ci.gothenburg.ne.us/bids,yes
NE,Grand Island,grand-island.com,no_bid_page,domain,,
NE,Grant,grantnebraska.com,unreachable,,,
NE,Gretna,gretnane.org,found,domain,https://gretnane.org/Bids.aspx,no
NE,Hastings,cityofhastings.org,found,domain,https://cityofhastings.org/bids,yes
NE,Hebron,hebronnebraska.us,found,domain,https://hebronnebraska.us/Bids.aspx,yes
NE,Hickman,hickman.ne.gov,no_bid_page,domain,,
NE,Holdrege,cityofholdrege.org,no_bid_page,domain,,
NE,Humphrey,humphreyne.us,no_bid_page,domain,,
NE,Imperial,imperial-ne.com,no_bid_page,domain,,
NE,Kearney,cityofkearney.org,no_bid_page,domain,,
NE,Kimball,kimballne.org,unreachable,,,
NE,La Vista,ci.la-vista.ne.us,unreachable,,,
NE,Laurel,laurelne.com,no_bid_page,domain,,
NE,Lexington,ci.lexington.ne.us,unreachable,,,
NE,Louisville,louisvillenebraska.com,no_bid_page,domain,,
NE,Loup City,loupcity.com,unreachable,,,
NE,Madison,madison-ne.com,found,domain,https://madison-ne.com/bids,yes
NE,McCook,cityofmccook.com,found,domain,https://cityofmccook.com/Bids.aspx,no
NE,Minatare,cityofminatare.com,no_bid_page,domain,,
NE,Minden,mindennebraska.org,found,domain,https://mindennebraska.org/Bids.aspx,no
NE,Mitchell,mitchellcity.net,unreachable,,,
NE,Mullen,mullennebraska.com,no_bid_page,domain,,
NE,Nebraska City,nebraskacity.com,unreachable,,,
NE,Neligh,neligh.org,unreachable,,,
NE,Nelson,cityofnelson.com,no_bid_page,domain,,
NE,North Platte,ci.north-platte.ne.us,found,domain,https://ci.north-platte.ne.us/Bids.aspx,no
NE,O'Neill,cityofoneill.com,unreachable,,,
NE,Oakland,ci.oakland.ne.us,no_bid_page,domain,,
NE,Omaha,cityofomaha.org,unreachable,,,
NE,Ord,ordnebraska.com,unreachable,,,
NE,Osceola,osceolanebraska.com,unreachable,,,
NE,Oshkosh,ci.oshkosh.ne.us,unreachable,,,
NE,Papillion,papillion.org,found,domain,https://papillion.org/Bids.aspx,yes
NE,Pawnee City,pawneecity.com,no_bid_page,domain,,
NE,Peru,perunebraska.org,no_bid_page,domain,,
NE,Pierce,piercenebraska.com,no_bid_page,domain,,
NE,Plainview,cityofplainviewne.com,no_bid_page,domain,,
NE,Plattsmouth,plattsmouth.org,no_bid_page,domain,,
NE,Ponca,ci.ponca.ne.us,unreachable,,,
NE,Ralston,cityofralston.com,no_bid_page,domain,,
NE,Randolph,ci.randolph.ne.us,unreachable,,,
NE,Ravenna,myravenna.com,unreachable,,,
NE,Red Cloud,redcloudnebraska.com,no_bid_page,domain,,
NE,Schuyler,schuylernebraska.net,unreachable,,,
NE,Scottsbluff,scottsbluff.org,no_bid_page,domain,,
NE,Seward,cityofsewardne.com,no_bid_page,domain,,
NE,Sidney,cityofsidney.org,found,domain,https://cityofsidney.org/Bids.aspx,yes
NE,South Sioux City,southsiouxcity.org,no_bid_page,domain,,
NE,Springfield,springfieldnebraska.com,no_bid_page,domain,,
NE,Springview,springview-ne.com,no_bid_page,domain,,
NE,St. Paul,stpaulnebraska.com,no_bid_page,domain,,
NE,Stanton,stanton.net,no_bid_page,domain,,
NE,Stromsburg,stromsburgnebraska.com,no_bid_page,domain,,
NE,Superior,cityofsuperior.org,no_bid_page,domain,,
NE,Sutton,cityofsutton.org,no_bid_page,domain,,
NE,Syracuse,syracusene.com,no_bid_page,domain,,
NE,Tecumseh,tecumsehne.com,no_bid_page,domain,,
NE,Tekamah,tekamah.net,no_bid_page,domain,,
NE,Valley,valleyne.org,unreachable,,,
NE,Wahoo,wahoo.ne.us,no_bid_page,domain,,
NE,Wakefield,ci.wakefield.ne.us,unreachable,,,
NE,Waverly,citywaverly.com,unreachable,,,
NE,Wayne,cityofwayne.org,unreachable,,,
NE,Weeping Water,weepingwaternebraska.com,no_bid_page,domain,,
NE,West Point,ci.west-point.ne.us,unreachable,,,
NE,Wisner,ci.wisner.ne.us,unreachable,,,
NE,Wood River,woodriverne.com,no_bid_page,domain,,
NE,Wymore,wymorebluesprings.com,no_bid_page,domain,,
NE,York,cityofyork.net,unreachable,,,
OK,Ada,adaok.com,found,domain,https://adaok.com/Bids.aspx,yes
OK,Alva,alvaok.org,found,domain,https://alvaok.org/bids,no
OK,Anadarko,ci.anadarko.ok.us,unreachable,,,
OK,Ardmore,ardmorecity.org,found,domain,https://ardmorecity.org/Bids.aspx,no
OK,Atoka,atokacity.org,no_bid_page,domain,,
OK,Bartlesville,cityofbartlesville.org,found,domain,https://cityofbartlesville.org/bids,yes
OK,Beaver,beaveroklahoma.net,no_bid_page,domain,,
OK,Bethany,cityofbethany.org,no_bid_page,domain,,
OK,Bixby,bixby.com,no_bid_page,domain,,
OK,Blackwell,cityofblackwell.com,unreachable,,,
OK,Bristow,cityofbristow.org,unreachable,,,
OK,Broken Bow,brokenbowchamber.com,no_bid_page,domain,,
OK,Cache,cachegov.com,found,domain,https://cachegov.com/invitation-to-bid,yes
OK,Chandler,chandlerok.com,unreachable,,,
OK,Chickasha,chickasha.org,unreachable,,,
OK,Choctaw,choctawcity.org,unreachable,,,
OK,Claremore,claremorecity.com,unreachable,,,
OK,Cleveland,cityofclevelandok.com,no_bid_page,domain,,
OK,Clinton,clintonokla.org,no_bid_page,domain,,
OK,Collinsville,collinsville-ok.com,no_bid_page,domain,,
OK,Commerce,commerceokla.com,no_bid_page,domain,,
OK,Crescent,crescentoklahoma.com,unreachable,,,
OK,Cushing,cityofcushing.com,found,domain,https://cityofcushing.com/departments/purchasing,yes
OK,Davis,davisok.org,no_bid_page,domain,,
OK,Del City,cityofdelcity.com,found,domain,https://cityofdelcity.com/bid-opportunities,yes
OK,Dewey,cityofdewey.com,no_bid_page,domain,,
OK,Duncan,cityofduncan.com,unreachable,,,
OK,Durant,durant.org,found,domain,https://durant.org/Bids.aspx,no
OK,Edmond,edmondok.com,found,domain,https://edmondok.com/Bids.aspx,yes
OK,El Reno,cityofelreno.com,unreachable,,,
OK,Elk City,elkcity.com,found,domain,https://elkcity.com/bids,yes
OK,Enid,enid.org,found,domain,https://enid.org/bids,yes
OK,Eufaula,cityofeufaulaok.com,no_bid_page,domain,,
OK,Fairview,fairviewok.org,no_bid_page,domain,,
OK,Frederick,frederickok.org,no_bid_page,domain,,
OK,Glenpool,glenpoolonline.com,found,domain,https://glenpoolonline.com/Bids.aspx,no
OK,Grove,cityofgroveok.webs.com,unreachable,,,
OK,Guthrie,cityofguthrie.com,found,domain,https://cityofguthrie.com/bids,yes
OK,Guymon,guymonok.org,no_bid_page,domain,,
OK,Hartshorne,cityofhartshorneok.com,no_bid_page,domain,,
OK,Heavener,heavenerok.org,unreachable,,,
OK,Henryetta,cityofhenryetta.org,no_bid_page,domain,,
OK,Hobart,hobartok.com,unreachable,,,
OK,Holdenville,cityofholdenville.com,found,domain,https://cityofholdenville.com/Bids.aspx,yes
OK,Hooker,hookeroklahoma.net,unreachable,,,
OK,Jenks,jenks.com,found,domain,https://jenks.com/Bids.aspx,yes
OK,Kingfisher,kingfisher.org,found,domain,https://kingfisher.org/bids,yes
OK,Krebs,cityofkrebs.com,found,domain,https://cityofkrebs.com/Bids.aspx,no
OK,Lexington,cityoflexington.com,no_bid_page,domain,,
OK,Madill,mccoconline.org,unreachable,,,
OK,Mannford,cityofmannford.com,no_bid_page,domain,,
OK,Marietta,cityofmarietta.net,unreachable,,,
OK,McAlester,cityofmcalester.com,no_bid_page,domain,,
OK,Medford,medfordoklahoma.com,unreachable,,,
OK,Miami,miamiok.org,no_bid_page,domain,,
OK,Midwest City,midwestcityok.org,found,domain,https://midwestcityok.org/Bids.aspx,no
OK,Moore,cityofmoore.com,no_bid_page,domain,,
OK,Muskogee,muskogeeonline.org,unreachable,,,
OK,Mustang,cityofmustang.org,no_bid_page,domain,,
OK,New Cordell,cordellchamber.org,not_this_town,,,
OK,Newcastle,cityofnewcastleok.com,found,domain,https://cityofnewcastleok.com/departments/purchasing,yes
OK,Newkirk,newkirkchamber.com,no_bid_page,domain,,
OK,Nichols Hills,nicholshills.net,unreachable,,,
OK,Noble,cityofnoble.org,no_bid_page,domain,,
OK,Okemah,okemahok.org,found,domain,https://okemahok.org/open-bids,yes
OK,Okmulgee,okmulgeeonline.com,found,domain,https://okmulgeeonline.com/Bids.aspx,yes
OK,Owasso,cityofowasso.com,found,domain,https://cityofowasso.com/Bids.aspx,yes
OK,Pauls Valley,paulsvalley.com,no_bid_page,domain,,
OK,Pawhuska,pawhuska.com,found,domain,https://pawhuska.com/Bids.aspx,yes
OK,Pawnee,cityofpawnee.com,found,domain,https://cityofpawnee.com/Bids.aspx,yes
OK,Perkins,cityofperkins.net,no_bid_page,domain,,
OK,Perry,cityofperryok.com,no_bid_page,domain,,
OK,Poteau,poteau-ok.com,unreachable,,,
OK,Prague,pragueok.org,unreachable,,,
OK,Pryor Creek,pryorok.org,unreachable,,,
OK,Purcell,cityofpurcell.com,found,domain,https://cityofpurcell.com/Bids.aspx,no
OK,Sallisaw,sallisawok.org,found,domain,https://sallisawok.org/Bids.aspx,yes
OK,Sand Springs,sandspringsok.org,unreachable,,,
OK,Sapulpa,cityofsapulpa.net,no_bid_page,domain,,
OK,Sayre,sayreok.net,unreachable,,,
OK,Seminole,seminole-oklahoma.net,no_bid_page,domain,,
OK,Shawnee,shawneeok.org,unreachable,,,
OK,Stigler,stiglerok.net,no_bid_page,domain,,
OK,Stillwater,stillwater.org,unreachable,,,
OK,Stilwell,cityofstilwell.com,no_bid_page,domain,,
OK,Stroud,cityofstroud.com,unreachable,,,
OK,Sulphur,sulphurokla.com,unreachable,,,
OK,Tahlequah,cityoftahlequah.com,found,domain,https://cityoftahlequah.com/Bids.aspx,no
OK,Tecumseh,tecumsehok.com,found,domain,https://tecumsehok.com/Bids.aspx,yes
OK,The Village,thevillageok.org,unreachable,,,
OK,Tishomingo,tishomingo.com,no_bid_page,domain,,
OK,Tonkawa,cityoftonkawa.com,no_bid_page,domain,,
OK,Tuttle,cityoftuttle.com,unreachable,,,
OK,Vinita,vinita.com,unreachable,,,
OK,Wagoner,thecityofwagoner.org,no_bid_page,domain,,
OK,Watonga,cityofwatonga.org,unreachable,,,
OK,Waurika,waurika.us,found,domain,https://waurika.us/Bids.aspx,no
OK,Weatherford,cityofweatherford.com,no_bid_page,domain,,
OK,Wewoka,cityofwewoka.com,no_bid_page,domain,,
OK,Wilburton,cityofwilburton.com,found,domain,https://cityofwilburton.com/government/purchasing,yes
OK,Woodward,cityofwoodward.com,found,domain,https://cityofwoodward.com/Bids.aspx,no
OK,Yukon,ci.yukon.ok.us,unreachable,,,
TN,Adams,adamstennessee.org,unreachable,,,
TN,Alamo,townofalamo.net,no_bid_page,domain,,
TN,Athens,cityofathenstn.com,no_bid_page,domain,,
TN,Baneberry,baneberrytn.com,unreachable,,,
TN,Bartlett,cityofbartlett.org,found,domain,https://cityofbartlett.org/Bids.aspx,yes
TN,Baxter,cityofbaxter.com,no_bid_page,domain,,
TN,Bluff City,bluffcitytn.org,no_bid_page,domain,,
TN,Bolivar,cityofbolivar.com,found,domain,https://cityofbolivar.com/business/bids,yes
TN,Brentwood,brentwood-tn.org,unreachable,,,
TN,Bristol,bristoltn.org,unreachable,,,
TN,Brownsville,haywoodcountybrownsville.com,no_bid_page,domain,,
TN,Camden,cityofcamdentn.com,no_bid_page,domain,,
TN,Clarksville,cityofclarksville.com,found,domain,https://cityofclarksville.com/Bids.aspx,yes
TN,Cleveland,cityofclevelandtn.com,no_bid_page,domain,,
TN,Clifton,cityofclifton.com,no_bid_page,domain,,
TN,Clinton,clintontn.net,no_bid_page,domain,,
TN,Collinwood,cityofcollinwood.org,no_bid_page,domain,,
TN,Columbia,columbiatn.com,no_bid_page,domain,,
TN,Cookeville,cookeville-tn.org,unreachable,,,
TN,Covington,covingtontn.com,no_bid_page,domain,,
TN,Cowan,cityofcowan.com,no_bid_page,domain,,
TN,Dayton,daytontn.net,no_bid_page,domain,,
TN,Decherd,decherd.net,unreachable,,,
TN,Dickson,cityofdickson.com,no_bid_page,domain,,
TN,Dover,dovertn.com,no_bid_page,domain,,
TN,Dunlap,sequatchie.com,no_bid_page,homepage,,
TN,Dyer,cityofdyertn.com,no_bid_page,domain,,
TN,Eagleville,eaglevilletn.com,no_bid_page,domain,,
TN,East Ridge,eastridgetn.org,no_bid_page,domain,,
TN,Elizabethton,elizabethton.org,found,domain,https://elizabethton.org/departments/purchasing,yes
TN,Elkton,elktontn.com,no_bid_page,domain,,
TN,Etowah,cityofetowahtn.com,no_bid_page,domain,,
TN,Fairview,fairview-tn.org,no_bid_page,domain,,
TN,Fayetteville,fayettevilletn.com,no_bid_page,domain,,
TN,Forest Hills,cityofforesthills.com,no_bid_page,domain,,
TN,Friendsville,friendsville.city,unreachable,,,
TN,Gatlinburg,ci.gatlinburg.tn.us,unreachable,,,
TN,Goodlettsville,cityofgoodlettsville.org,unreachable,,,
TN,Grand Junction,grandjunctiontn.com,no_bid_page,domain,,
TN,Greenbrier,greenbriertn.org,found,domain,https://greenbriertn.org/Bids.aspx,no
TN,Greenfield,greenfieldtn.com,unreachable,,,
TN,Harriman,harrimantn.evogov.com,unreachable,,,
TN,Harrogate,harrogate-tn.com,unreachable,,,
TN,Henderson,hendersontn.org,no_bid_page,domain,,
TN,Hendersonville,hvilletn.org,found,homepage,https://hvilletn.org/Bids.aspx,yes
TN,Hohenwald,hohenwald.com,no_bid_page,domain,,
TN,Jefferson City,jeffcitytn.com,no_bid_page,homepage,,
TN,Jellico,jellico.tn.us,unreachable,,,
TN,Johnson City,johnsoncitytn.org,unreachable,,,
TN,Jonesborough,jonesboroughtn.org,found,domain,https://jonesboroughtn.org/bids,yes
TN,Kingston,kingston-tn.org,no_bid_page,domain,,
TN,Lafayette,lafayettetn.com,no_bid_page,domain,,
TN,Lebanon,lebanontn.org,found,domain,https://lebanontn.org/Bids.aspx,no
TN,Loretto,cityoflorettotn.com,no_bid_page,domain,,
TN,Lynchburg,lynchburgtn.com,unreachable,,,
TN,Madisonville,cityofmadisonville.org,unreachable,,,
TN,Manchester,cityofmanchestertn.com,no_bid_page,domain,,
TN,Martin,cityofmartin.net,no_bid_page,domain,,
TN,Maryville,maryvillegov.com,found,domain,https://maryvillegov.com/bid-opportunities,yes
TN,Maynardville,maynardvilletn.com,no_bid_page,domain,,
TN,McKenzie,mckenzietn.gov,unreachable,,,
TN,Medina,cityofmedinatn.org,no_bid_page,domain,,
TN,Middleton,cityofmiddleton.org,no_bid_page,domain,,
TN,Milan,cityofmilantn.com,no_bid_page,domain,,
TN,Millersville,cityofmillersville.com,no_bid_page,domain,,
TN,Millington,ci.millington.tn.us,unreachable,,,
TN,Minor Hill,minorhilltn.com,unreachable,,,
TN,Morristown,mymorristown.com,found,domain,https://mymorristown.com/departments/purchasing,yes
TN,Mount Pleasant,mtpleasant-tn.com,unreachable,,,
TN,Mt. Juliet,cityofmtjuliet.org,unreachable,,,
TN,Munford,munford.com,no_bid_page,domain,,
TN,New Johnsonville,cityofnewjohnsonville.com,no_bid_page,domain,,
TN,Newport,cityofnewport-tn.com,no_bid_page,domain,,
TN,Norris,cityofnorris.com,found,domain,https://cityofnorris.com/bids,yes
TN,Oak Hill,oakhilltn.us,unreachable,,,
TN,Oak Ridge,cortn.org,unreachable,,,
TN,Parkers Crossroads,parkerscrossroad.org,no_bid_page,homepage,,
TN,Philadelphia,philadelphiatn.com,no_bid_page,domain,,
TN,Pigeon Forge,mypigeonforge.com,no_bid_page,domain,,
TN,Piperton,pipertontn.com,found,domain,https://pipertontn.com/Bids.aspx,no
TN,Pleasant View,townofpleasantview.com,no_bid_page,domain,,
TN,Pulaski,pulaski-tn.com,no_bid_page,domain,,
TN,Red Boiling Springs,redboilingspringstn.com,no_bid_page,domain,,
TN,Ripley,ripleytenn.com,found,domain,https://ripleytenn.com/Bids.aspx,yes
TN,Rockwood,rockwoodtn.org,found,domain,https://rockwoodtn.org/Bids.aspx,yes
TN,Rogersville,rogersville-tn.com,unreachable,,,
TN,Savannah,cityofsavannah.org,found,domain,https://cityofsavannah.org/rfp,yes
TN,Sevierville,seviervilletn.org,found,domain,https://seviervilletn.org/Bids.aspx,no
TN,Shelbyville,shelbyvilletn.org,no_bid_page,domain,,
TN,Smithville,smithvilletn.com,no_bid_page,domain,,
TN,Soddy-Daisy,soddy-daisy.org,found,domain,https://soddy-daisy.org/bids,yes
TN,Somerville,somervilletn.org,found,domain,https://somervilletn.org/Bids.aspx,yes
TN,South Pittsburg,southpittsburgtn.org,no_bid_page,domain,,
TN,Sparta,spartatn.com,unreachable,,,
TN,Spring Hill,springhilltn.org,found,domain,https://springhilltn.org/Bids.aspx,yes
TN,Springfield,springfield-tn.org,found,domain,https://springfield-tn.org/Bids.aspx,no
TN,Sweetwater,sweetwatertn.net,no_bid_page,domain,,
TN,Tellico Village,tellicovillage.org,no_bid_page,domain,,
TN,Three Way,cityofthreeway.org,no_bid_page,domain,,
TN,Tiptonville,tiptonville.org,no_bid_page,domain,,
TN,Townsend,cityoftownsend.com,found,domain,https://cityoftownsend.com/Bids.aspx,yes
TN,Trenton,trentontn.net,no_bid_page,domain,,
TN,Watertown,watertowntn.com,no_bid_page,domain,,
TN,Waverly,waverlytn.org,no_bid_page,domain,,
TN,Waynesboro,cityofwaynesboro.org,no_bid_page,domain,,
TN,White House,cityofwhitehouse.com,unreachable,,,
TN,Whitwell,cityofwhitwell.com,no_bid_page,domain,,
