domain,city,state,type,org,status,bid_url,platform,checked_date,source,verified_by
austin-ar.com,Austin,AR,City,Austin,found,https://austin-ar.com/Bids.aspx,civicplus,2026-08-18,wikidata,domain
bentonvillear.com,Bentonville,AR,City,Bentonville,found,https://bentonvillear.com/Bids.aspx,civicplus,2026-08-18,wikidata,domain
brinkleyar.com,Brinkley,AR,City,Brinkley,found,https://brinkleyar.com/Bids.aspx,civicplus,2026-08-18,wikidata,domain
cherokeevillage.org,Cherokee Village,AR,City,Cherokee Village,found,https://cherokeevillage.org/Bids.aspx,civicplus,2026-08-18,wikidata,domain
decaturarkansas.com,Decatur,AR,City,Decatur,found,https://decaturarkansas.com/Bids.aspx,civicplus,2026-08-18,wikidata,domain
cityofdyerar.com,Dyer,AR,City,Dyer,found,https://cityofdyerar.com/Bids.aspx,civicplus,2026-08-18,wikidata,domain
greenwoodarkansas.com,Greenwood,AR,City,Greenwood,found,https://greenwoodarkansas.com/business/bids,agency,2026-08-18,wikidata,domain
hopearkansas.net,Hope,AR,City,Hope,found,https://hopearkansas.net/Bids.aspx,civicplus,2026-08-18,wikidata,domain
cityofhorseshoebend.org,Horseshoe Bend,AR,City,Horseshoe Bend,found,https://cityofhorseshoebend.org/Bids.aspx,civicplus,2026-08-18,wikidata,domain
cityhs.net,Hot Springs,AR,City,Hot Springs,found,https://cityhs.net/Bids.aspx,civicplus,2026-08-18,wikidata,homepage
northlittlerock.ar.gov,North Little Rock,AR,City,North Little Rock,found,https://northlittlerock.ar.gov/current-bids,agency,2026-08-18,wikidata,domain
rockportar.org,Rockport,AR,City,Rockport,found,https://rockportar.org/Bids.aspx,civicplus,2026-08-18,wikidata,domain
russellvillearkansas.org,Russellville,AR,City,Russellville,found,https://russellvillearkansas.org/Bids.aspx,civicplus,2026-08-18,wikidata,domain
tontitown.com,Tontitown,AR,City,Tontitown,found,https://tontitown.com/purchasing,agency,2026-08-18,wikidata,domain
cityofames.org,Ames,IA,City,Ames,found,https://cityofames.org/finance/purchasing,agency,2026-08-18,wikidata,domain
bedfordia.org,Bedford,IA,City,Bedford,found,https://bedfordia.org/Bids.aspx,civicplus,2026-08-18,wikidata,domain
burlingtoniowa.org,Burlington,IA,City,Burlington,found,https://burlingtoniowa.org/Bids.aspx,civicplus,2026-08-18,wikidata,domain
cityofcarroll.com,Carroll,IA,City,Carroll,found,https://cityofcarroll.com/bids,agency,2026-08-18,wikidata,domain
cedar-rapids.org,Cedar Rapids,IA,City,Cedar Rapids,found,https://cedar-rapids.org/bids,agency,2026-08-18,wikidata,domain
cityofcharlescity.org,Charles City,IA,City,Charles City,found,https://cityofcharlescity.org/Bids.aspx,civicplus,2026-08-18,wikidata,domain
coonrapidsiowa.com,Coon Rapids,IA,City,Coon Rapids,found,https://coonrapidsiowa.com/Bids.aspx,civicplus,2026-08-18,wikidata,domain
coralville.org,Coralville,IA,City,Coralville,found,https://coralville.org/Bids.aspx,civicplus,2026-08-18,wikidata,domain
cityofcorydoniowa.com,Corydon,IA,City,Corydon,found,https://cityofcorydoniowa.com/Bids.aspx,civicplus,2026-08-18,wikidata,domain
cityofcresco.com,Cresco,IA,City,Cresco,found,https://cityofcresco.com/notice-to-bidders,agency,2026-08-18,wikidata,domain
cityofdavenportiowa.com,Davenport,IA,City,Davenport,found,https://cityofdavenportiowa.com/purchasing,agency,2026-08-18,wikidata,domain
cityofdewittiowa.org,DeWitt,IA,City,DeWitt,found,https://cityofdewittiowa.org/departments/purchasing,agency,2026-08-18,wikidata,domain
cityofdubuque.org,Dubuque,IA,City,Dubuque,found,https://cityofdubuque.org/Bids.aspx,civicplus,2026-08-18,wikidata,domain
cityofeldridgeia.org,Eldridge,IA,City,Eldridge,found,https://cityofeldridgeia.org/rfp,agency,2026-08-18,wikidata,domain
farmingtoniowa.com,Farmington,IA,City,Farmington,found,https://farmingtoniowa.com/Bids.aspx,civicplus,2026-08-18,wikidata,domain
cityofhawarden.com,Hawarden,IA,City,Hawarden,found,https://cityofhawarden.com/Bids.aspx,civicplus,2026-08-18,wikidata,domain
hedrickiowa.com,Hedrick,IA,City,Hedrick,found,https://hedrickiowa.com/Bids.aspx,civicplus,2026-08-18,wikidata,domain
idagroveia.com,Ida Grove,IA,City,Ida Grove,found,https://idagroveia.com/invitation-to-bid,agency,2026-08-18,wikidata,domain
cityofjohnston.com,Johnston,IA,City,Johnston,found,https://cityofjohnston.com/Bids.aspx,civicplus,2026-08-18,wikidata,domain
cityofkeokuk.org,Keokuk,IA,City,Keokuk,found,https://cityofkeokuk.org/bids,agency,2026-08-18,wikidata,domain
lemarsiowa.com,Le Mars,IA,City,Le Mars,found,https://lemarsiowa.com/Bids.aspx,civicplus,2026-08-18,wikidata,domain
lonetreeiowa.com,Lone Tree,IA,City,Lone Tree,found,https://lonetreeiowa.com/Bids.aspx,civicplus,2026-08-18,wikidata,domain
manningia.com,Manning,IA,City,Manning,found,https://manningia.com/Bids.aspx,civicplus,2026-08-18,wikidata,domain
maquoketaia.com,Maquoketa,IA,City,Maquoketa,found,https://maquoketaia.com/Bids.aspx,civicplus,2026-08-18,wikidata,domain
masoncity.net,Mason City,IA,City,Mason City,found,https://masoncity.net/Bids.aspx,civicplus,2026-08-18,wikidata,domain
ci.monticello.ia.us,Monticello,IA,City,Monticello,found,https://ci.monticello.ia.us/notice-to-bidders,agency,2026-08-18,wikidata,domain
cityofnevadaiowa.org,Nevada,IA,City,Nevada,found,https://cityofnevadaiowa.org/current-bids,agency,2026-08-18,wikidata,domain
newtongov.org,Newton,IA,City,Newton,found,https://newtongov.org/Bids.aspx,civicplus,2026-08-18,wikidata,domain
northwoodia.org,Northwood,IA,City,Northwood,found,https://northwoodia.org/Bids.aspx,civicplus,2026-08-18,wikidata,domain
onawa.com,Onawa,IA,City,Onawa,found,https://onawa.com/rfps,agency,2026-08-18,wikidata,domain
oskaloosaiowa.org,Oskaloosa,IA,City,Oskaloosa,found,https://oskaloosaiowa.org/Bids.aspx,civicplus,2026-08-18,wikidata,domain
cityofottumwa.org,Ottumwa,IA,City,Ottumwa,found,https://cityofottumwa.org/Bids.aspx,civicplus,2026-08-18,wikidata,domain
cityofpella.com,Pella,IA,City,Pella,found,https://cityofpella.com/Bids.aspx,civicplus,2026-08-18,wikidata,domain
pleasanthilliowa.org,Pleasant Hill,IA,City,Pleasant Hill,found,https://pleasanthilliowa.org/Bids.aspx,civicplus,2026-08-18,wikidata,domain
rockrapids.com,Rock Rapids,IA,City,Rock Rapids,found,https://rockrapids.com/rfp,agency,2026-08-18,wikidata,domain
siouxcenter.org,Sioux Center,IA,City,Sioux Center,found,https://siouxcenter.org/Bids.aspx,civicplus,2026-08-18,wikidata,domain
sioux-city.org,Sioux City,IA,City,Sioux City,found,https://sioux-city.org/Bids.aspx,civicplus,2026-08-18,wikidata,domain
solon-iowa.com,Solon,IA,City,Solon,found,https://solon-iowa.com/Bids.aspx,civicplus,2026-08-18,wikidata,domain
stanhopeiowa.com,Stanhope,IA,City,Stanhope,found,https://stanhopeiowa.com/Bids.aspx,civicplus,2026-08-18,wikidata,domain
stormlake.org,Storm Lake,IA,City,Storm Lake,found,https://stormlake.org/Bids.aspx,civicplus,2026-08-18,wikidata,domain
stratfordiowa.com,Stratford,IA,City,Stratford,found,https://stratfordiowa.com/Bids.aspx,civicplus,2026-08-18,wikidata,domain
templetoniowa.com,Templeton,IA,City,Templeton,found,https://templetoniowa.com/bids,agency,2026-08-18,wikidata,domain
truroiowa.org,Truro,IA,City,Truro,found,https://truroiowa.org/Bids.aspx,civicplus,2026-08-18,wikidata,domain
university-heights.org,University Heights,IA,City,University Heights,found,https://university-heights.org/Bids.aspx,civicplus,2026-08-18,wikidata,domain
urbandale.org,Urbandale,IA,City,Urbandale,found,https://urbandale.org/Bids.aspx,civicplus,2026-08-18,wikidata,domain
walnutiowa.org,Walnut,IA,City,Walnut,found,https://walnutiowa.org/Bids.aspx,civicplus,2026-08-18,wikidata,domain
webstercity.com,Webster City,IA,City,Webster City,found,https://webstercity.com/Bids.aspx,civicplus,2026-08-18,wikidata,domain
wesleyiowa.com,Wesley,IA,City,Wesley,found,https://wesleyiowa.com/Bids.aspx,civicplus,2026-08-18,wikidata,domain
westpointiowa.com,West Point,IA,City,West Point,found,https://westpointiowa.com/Bids.aspx,civicplus,2026-08-18,wikidata,domain
wiltoniowa.org,Wilton,IA,City,Wilton,found,https://wiltoniowa.org/Bids.aspx,civicplus,2026-08-18,wikidata,domain
windsorheights.org,Windsor Heights,IA,City,Windsor Heights,found,https://windsorheights.org/Bids.aspx,civicplus,2026-08-18,wikidata,domain
winfieldiowa.com,Winfield,IA,City,Winfield,found,https://winfieldiowa.com/Bids.aspx,civicplus,2026-08-18,wikidata,domain
auburnillinois.us,Auburn,IL,City,Auburn,found,https://auburnillinois.us/bids,agency,2026-08-18,wikidata,domain
belleville.net,Belleville,IL,City,Belleville,found,https://belleville.net/Bids.aspx,civicplus,2026-08-18,wikidata,domain
blueisland.org,Blue Island,IL,City,Blue Island,found,https://blueisland.org/Bids.aspx,civicplus,2026-08-18,wikidata,domain
explorecarbondale.com,Carbondale,IL,City,Carbondale,found,https://explorecarbondale.com/Bids.aspx,civicplus,2026-08-18,wikidata,domain
cityofchicagoheights.org,Chicago Heights,IL,City,Chicago Heights,found,https://cityofchicagoheights.org/Bids.aspx,civicplus,2026-08-18,wikidata,domain
cityofcresthill.com,Crest Hill,IL,City,Crest Hill,found,https://cityofcresthill.com/Bids.aspx,civicplus,2026-08-18,wikidata,domain
cityofdanville.org,Danville,IL,City,Danville,found,https://cityofdanville.org/Bids.aspx,civicplus,2026-08-18,wikidata,domain
cityofdekalb.com,DeKalb,IL,City,DeKalb,found,https://cityofdekalb.com/Bids.aspx,civicplus,2026-08-18,wikidata,domain
eastmoline.com,East Moline,IL,City,East Moline,found,https://eastmoline.com/Bids.aspx,civicplus,2026-08-18,wikidata,domain
cityofeastpeoria.com,East Peoria,IL,City,East Peoria,found,https://cityofeastpeoria.com/Bids.aspx,civicplus,2026-08-18,wikidata,domain
cesl.us,East St. Louis,IL,City,East St. Louis,found,https://cesl.us/Bids.aspx,civicplus,2026-08-18,wikidata,homepage
cityofedwardsville.com,Edwardsville,IL,City,Edwardsville,found,https://cityofedwardsville.com/Bids.aspx,civicplus,2026-08-18,wikidata,domain
effinghamil.com,Effingham,IL,City,Effingham,found,https://effinghamil.com/notice-to-bidders,agency,2026-08-18,wikidata,domain
elpasoil.org,El Paso,IL,City,El Paso,found,https://elpasoil.org/Bids.aspx,civicplus,2026-08-18,wikidata,domain
elmwoodpark.org,Elmwood Park,IL,City,Elmwood Park,found,https://elmwoodpark.org/Bids.aspx,civicplus,2026-08-18,wikidata,domain
cityofgalena.org,Galena,IL,City,Galena,found,https://cityofgalena.org/Bids.aspx,civicplus,2026-08-18,wikidata,domain
cityofgeneseo.com,Geneseo,IL,City,Geneseo,found,https://cityofgeneseo.com/rfp,agency,2026-08-18,wikidata,domain
geneva.il.us,Geneva,IL,City,Geneva,found,https://geneva.il.us/Bids.aspx,civicplus,2026-08-18,wikidata,domain
georgetownil.com,Georgetown,IL,City,Georgetown,found,https://georgetownil.com/Bids.aspx,civicplus,2026-08-18,wikidata,domain
cityhpil.com,Highland Park,IL,City,Highland Park,found,https://cityhpil.com/bids,agency,2026-08-18,wikidata,homepage
cityofhighwood.com,Highwood,IL,City,Highwood,found,https://cityofhighwood.com/Bids.aspx,civicplus,2026-08-18,wikidata,domain
cityofkewanee.com,Kewanee,IL,City,Kewanee,found,https://cityofkewanee.com/Bids.aspx,civicplus,2026-08-18,wikidata,domain
cityoflitchfieldil.com,Litchfield,IL,City,Litchfield,found,https://cityoflitchfieldil.com/Bids.aspx,civicplus,2026-08-18,wikidata,domain
cityofmarkham.net,Markham,IL,City,Markham,found,https://cityofmarkham.net/Bids.aspx,civicplus,2026-08-18,wikidata,domain
mattoon.illinois.gov,Mattoon,IL,City,Mattoon,found,https://mattoon.illinois.gov/bids,agency,2026-08-18,wikidata,domain
moline.il.us,Moline,IL,City,Moline,found,https://moline.il.us/Bids.aspx,civicplus,2026-08-18,wikidata,domain
mtvernon.com,Mount Vernon,IL,City,Mount Vernon,found,https://mtvernon.com/bids,agency,2026-08-18,wikidata,homepage
nokomisonline.com,Nokomis,IL,City,Nokomis,found,https://nokomisonline.com/Bids.aspx,civicplus,2026-08-18,wikidata,domain
oak-forest.org,Oak Forest,IL,City,Oak Forest,found,https://oak-forest.org/Bids.aspx,civicplus,2026-08-18,wikidata,domain
cityofottawa.org,Ottawa,IL,City,Ottawa,found,https://cityofottawa.org/Bids.aspx,civicplus,2026-08-18,wikidata,domain
palosheights.org,Palos Heights,IL,City,Palos Heights,found,https://palosheights.org/Bids.aspx,civicplus,2026-08-18,wikidata,domain
cityofplanoil.com,Plano,IL,City,Plano,found,https://cityofplanoil.com/Bids.aspx,civicplus,2026-08-18,wikidata,domain
pontiac.org,Pontiac,IL,City,Pontiac,found,https://pontiac.org/Bids.aspx,civicplus,2026-08-18,wikidata,domain
prospect-heights.il.us,Prospect Heights,IL,City,Prospect Heights,found,https://prospect-heights.il.us/Bids.aspx,civicplus,2026-08-18,wikidata,domain
cityofredbud.org,Red Bud,IL,City,Red Bud,found,https://cityofredbud.org/bid-opportunities,agency,2026-08-18,wikidata,domain
rigov.org,Rock Island,IL,City,Rock Island,found,https://rigov.org/Bids.aspx,civicplus,2026-08-18,wikidata,homepage
cityrm.org,Rolling Meadows,IL,City,Rolling Meadows,found,https://cityrm.org/Bids.aspx,civicplus,2026-08-18,wikidata,homepage
cityofsycamore.com,Sycamore,IL,City,Sycamore,found,https://cityofsycamore.com/Bids.aspx,civicplus,2026-08-18,wikidata,domain
warrenville.il.us,Warrenville,IL,City,Warrenville,found,https://warrenville.il.us/Bids.aspx,civicplus,2026-08-18,wikidata,domain
waterloo.il.us,Waterloo,IL,City,Waterloo,found,https://waterloo.il.us/notice-to-bidders,agency,2026-08-18,wikidata,domain
wheaton.il.us,Wheaton,IL,City,Wheaton,found,https://wheaton.il.us/Bids.aspx,civicplus,2026-08-18,wikidata,domain
woodriver.org,Wood River,IL,City,Wood River,found,https://woodriver.org/bids,agency,2026-08-18,wikidata,domain
yorkville.il.us,Yorkville,IL,City,Yorkville,found,https://yorkville.il.us/Bids.aspx,civicplus,2026-08-18,wikidata,domain
cityofzion.com,Zion,IL,City,Zion,found,https://cityofzion.com/bids,agency,2026-08-18,wikidata,domain
abilenecityhall.com,Abilene,KS,City,Abilene,found,https://abilenecityhall.com/Bids.aspx,civicplus,2026-08-18,wikidata,domain
andoverks.com,Andover,KS,City,Andover,found,https://andoverks.com/Bids.aspx,civicplus,2026-08-18,wikidata,domain
cityofatchison.com,Atchison,KS,City,Atchison,found,https://cityofatchison.com/doing-business/bids,agency,2026-08-18,wikidata,domain
cityofatticaks.com,Attica,KS,City,Attica,found,https://cityofatticaks.com/Bids.aspx,civicplus,2026-08-18,wikidata,domain
baldwincity.org,Baldwin City,KS,City,Baldwin City,found,https://baldwincity.org/Bids.aspx,civicplus,2026-08-18,wikidata,domain
cityofbasehor.org,Basehor,KS,City,Basehor,found,https://cityofbasehor.org/Bids.aspx,civicplus,2026-08-18,wikidata,domain
bpks.org,Belle Plaine,KS,City,Belle Plaine,found,https://bpks.org/bids,agency,2026-08-18,wikidata,homepage
beloitks.org,Beloit,KS,City,Beloit,found,https://beloitks.org/bids,agency,2026-08-18,wikidata,domain
bentonks.org,Benton,KS,City,Benton,found,https://bentonks.org/Bids.aspx,civicplus,2026-08-18,wikidata,domain
bonnersprings.org,Bonner Springs,KS,City,Bonner Springs,found,https://bonnersprings.org/Bids.aspx,civicplus,2026-08-18,wikidata,domain
caneyks.com,Caney,KS,City,Caney,found,https://caneyks.com/Bids.aspx,civicplus,2026-08-18,wikidata,domain
carbondaleks.com,Carbondale,KS,City,Carbondale,found,https://carbondaleks.com/Bids.aspx,civicplus,2026-08-18,wikidata,domain
cityofcentraliaks.org,Centralia,KS,City,Centralia,found,https://cityofcentraliaks.org/government/purchasing,agency,2026-08-18,wikidata,domain
chanute.org,Chanute,KS,City,Chanute,found,https://chanute.org/Bids.aspx,civicplus,2026-08-18,wikidata,domain
clearwaterks.org,Clearwater,KS,City,Clearwater,found,https://clearwaterks.org/bid-opportunities,agency,2026-08-18,wikidata,domain
coffeyville.com,Coffeyville,KS,City,Coffeyville,found,https://coffeyville.com/Bids.aspx,civicplus,2026-08-18,wikidata,domain
desotoks.us,De Soto,KS,City,De Soto,found,https://desotoks.us/Bids.aspx,civicplus,2026-08-18,wikidata,domain
dightonkansas.com,Dighton,KS,City,Dighton,found,https://dightonkansas.com/Bids.aspx,civicplus,2026-08-18,wikidata,domain
dodgecity.org,Dodge City,KS,City,Dodge City,found,https://dodgecity.org/Bids.aspx,civicplus,2026-08-18,wikidata,domain
edgertonks.org,Edgerton,KS,City,Edgerton,found,https://edgertonks.org/bids,agency,2026-08-18,wikidata,domain
edwardsvilleks.org,Edwardsville,KS,City,Edwardsville,found,https://edwardsvilleks.org/Bids.aspx,civicplus,2026-08-18,wikidata,domain
fortscott.com,Fort Scott,KS,City,Fort Scott,found,https://fortscott.com/rfp,agency,2026-08-18,wikidata,domain
fredoniaks.org,Fredonia,KS,City,Fredonia,found,https://fredoniaks.org/Bids.aspx,civicplus,2026-08-18,wikidata,domain
garden-city.org,Garden City,KS,City,Garden City,found,https://garden-city.org/Bids.aspx,civicplus,2026-08-18,wikidata,domain
greatbendks.net,Great Bend,KS,City,Great Bend,found,https://greatbendks.net/Bids.aspx,civicplus,2026-08-18,wikidata,domain
cityofharper.com,Harper,KS,City,Harper,found,https://cityofharper.com/Bids.aspx,civicplus,2026-08-18,wikidata,domain
haysusa.com,Hays,KS,City,Hays,found,https://haysusa.com/Bids.aspx,civicplus,2026-08-18,wikidata,domain
haysville-ks.com,Haysville,KS,City,Haysville,found,https://haysville-ks.com/bids,agency,2026-08-18,wikidata,domain
holtonkansas.org,Holton,KS,City,Holton,found,https://holtonkansas.org/Bids.aspx,civicplus,2026-08-18,wikidata,domain
hutchgov.com,Hutchinson,KS,City,Hutchinson,found,https://hutchgov.com/bids,agency,2026-08-18,wikidata,homepage
inmanks.org,Inman,KS,City,Inman,found,https://inmanks.org/Bids.aspx,civicplus,2026-08-18,wikidata,domain
cityofiola.com,Iola,KS,City,Iola,found,https://cityofiola.com/Bids.aspx,civicplus,2026-08-18,wikidata,domain
wycokck.org,Kansas City,KS,City,Kansas City,found,https://wycokck.org/purchasing,agency,2026-08-18,wikidata,homepage
cityoflarned.org,Larned,KS,City,Larned,found,https://cityoflarned.org/Bids.aspx,civicplus,2026-08-18,wikidata,domain
lawrenceks.org,Lawrence,KS,City,Lawrence,found,https://lawrenceks.org/purchasing,agency,2026-08-18,wikidata,domain
leavenworthks.org,Leavenworth,KS,City,Leavenworth,found,https://leavenworthks.org/rfps,agency,2026-08-18,wikidata,domain
leawood.org,Leawood,KS,City,Leawood,found,https://leawood.org/Bids.aspx,civicplus,2026-08-18,wikidata,domain
cityofliberal.org,Liberal,KS,City,Liberal,found,https://cityofliberal.org/Bids.aspx,civicplus,2026-08-18,wikidata,domain
lincolnks.org,Lincoln Center,KS,City,Lincoln Center,found,https://lincolnks.org/Bids.aspx,civicplus,2026-08-18,wikidata,homepage
merriam.org,Merriam,KS,City,Merriam,found,https://merriam.org/bids,agency,2026-08-18,wikidata,domain
mounthopecity.com,Mount Hope,KS,City,Mount Hope,found,https://mounthopecity.com/Bids.aspx,civicplus,2026-08-18,wikidata,domain
mulvanekansas.com,Mulvane,KS,City,Mulvane,found,https://mulvanekansas.com/Bids.aspx,civicplus,2026-08-18,wikidata,domain
cityofnatoma.com,Natoma,KS,City,Natoma,found,https://cityofnatoma.com/Bids.aspx,civicplus,2026-08-18,wikidata,domain
onaga.org,Onaga,KS,City,Onaga,found,https://onaga.org/Bids.aspx,civicplus,2026-08-18,wikidata,domain
osagecity.com,Osage City,KS,City,Osage City,found,https://osagecity.com/Bids.aspx,civicplus,2026-08-18,wikidata,domain
overbrookks.com,Overbrook,KS,City,Overbrook,found,https://overbrookks.com/Bids.aspx,civicplus,2026-08-18,wikidata,domain
opkansas.org,Overland Park,KS,City,Overland Park,found,https://opkansas.org/bids,agency,2026-08-18,wikidata,homepage
oxfordks.org,Oxford,KS,City,Oxford,found,https://oxfordks.org/government/purchasing,agency,2026-08-18,wikidata,domain
cityofpaola.com,Paola,KS,City,Paola,found,https://cityofpaola.com/Bids.aspx,civicplus,2026-08-18,wikidata,domain
cityofphillipsburg.com,Phillipsburg,KS,City,Phillipsburg,found,https://cityofphillipsburg.com/Bids.aspx,civicplus,2026-08-18,wikidata,domain
cityofprattks.com,Pratt,KS,City,Pratt,found,https://cityofprattks.com/Bids.aspx,civicplus,2026-08-18,wikidata,domain
ramonaks.com,Ramona,KS,City,Ramona,found,https://ramonaks.com/Bids.aspx,civicplus,2026-08-18,wikidata,domain
roelandpark.net,Roeland Park,KS,City,Roeland Park,found,https://roelandpark.net/Bids.aspx,civicplus,2026-08-18,wikidata,domain
russellcity.org,Russell,KS,City,Russell,found,https://russellcity.org/Bids.aspx,civicplus,2026-08-18,wikidata,domain
cityofshawnee.org,Shawnee,KS,City,Shawnee,found,https://cityofshawnee.org/Bids.aspx,civicplus,2026-08-18,wikidata,domain
smithcenterks.com,Smith Center,KS,City,Smith Center,found,https://smithcenterks.com/Bids.aspx,civicplus,2026-08-18,wikidata,domain
sterling-kansas.com,Sterling,KS,City,Sterling,found,https://sterling-kansas.com/Bids.aspx,civicplus,2026-08-18,wikidata,domain
cityofudall.com,Udall,KS,City,Udall,found,https://cityofudall.com/Bids.aspx,civicplus,2026-08-18,wikidata,domain
valleyfalls.org,Valley Falls,KS,City,Valley Falls,found,https://valleyfalls.org/Bids.aspx,civicplus,2026-08-18,wikidata,domain
washingtonks.net,Washington,KS,City,Washington,found,https://washingtonks.net/Bids.aspx,civicplus,2026-08-18,wikidata,domain
cityofwellington.net,Wellington,KS,City,Wellington,found,https://cityofwellington.net/Bids.aspx,civicplus,2026-08-18,wikidata,domain
wilsonkansas.com,Wilson,KS,City,Wilson,found,https://wilsonkansas.com/Bids.aspx,civicplus,2026-08-18,wikidata,domain
cityofanchorage.org,Anchorage,KY,City,Anchorage,found,https://cityofanchorage.org/bids,agency,2026-08-18,wikidata,domain
beattyville.org,Beattyville,KY,City,Beattyville,found,https://beattyville.org/rfp,agency,2026-08-18,wikidata,domain
beaverdamkentucky.com,Beaver Dam,KY,City,Beaver Dam,found,https://beaverdamkentucky.com/Bids.aspx,civicplus,2026-08-18,wikidata,domain
bellevueky.org,Bellevue,KY,City,Bellevue,found,https://bellevueky.org/rfp,agency,2026-08-18,wikidata,domain
bgky.org,Bowling Green,KY,City,Bowling Green,found,https://bgky.org/bids,agency,2026-08-18,wikidata,homepage
briarwoodky.net,Briarwood,KY,City,Briarwood,found,https://briarwoodky.net/Bids.aspx,civicplus,2026-08-18,wikidata,domain
campbellsville.us,Campbellsville,KY,City,Campbellsville,found,https://campbellsville.us/bids,agency,2026-08-18,wikidata,domain
danvilleky.org,Danville,KY,City,Danville,found,https://danvilleky.org/Bids.aspx,civicplus,2026-08-18,wikidata,domain
frankfort.ky.gov,Frankfort,KY,City,Frankfort,found,https://frankfort.ky.gov/Bids.aspx,civicplus,2026-08-18,wikidata,domain
hoptown.org,Hopkinsville,KY,City,Hopkinsville,found,https://hoptown.org/bids,agency,2026-08-18,wikidata,homepage
cityofindependence.org,Independence,KY,City,Independence,found,https://cityofindependence.org/Bids.aspx,civicplus,2026-08-18,wikidata,domain
indianhillsky.org,Indian Hills,KY,City,Indian Hills,found,https://indianhillsky.org/doing-business/bids,agency,2026-08-18,wikidata,domain
jeffersontownky.com,Jeffersontown,KY,City,Jeffersontown,found,https://jeffersontownky.com/Bids.aspx,civicplus,2026-08-18,wikidata,domain
newcastleky.com,New Castle,KY,City,New Castle,found,https://newcastleky.com/procurement,agency,2026-08-18,wikidata,domain
owensboro.org,Owensboro,KY,City,Owensboro,found,https://owensboro.org/purchasing,agency,2026-08-18,wikidata,domain
paris.ky.gov,Paris,KY,City,Paris,found,https://paris.ky.gov/Bids.aspx,civicplus,2026-08-18,wikidata,domain
prestonsburgky.org,Prestonsburg,KY,City,Prestonsburg,found,https://prestonsburgky.org/rfps,agency,2026-08-18,wikidata,domain
shelbyvillekentucky.com,Shelbyville,KY,City,Shelbyville,found,https://shelbyvillekentucky.com/Bids.aspx,civicplus,2026-08-18,wikidata,domain
cityofunionky.org,Union,KY,City,Union,found,https://cityofunionky.org/bids,agency,2026-08-18,wikidata,domain
acmogov.com,Appleton City,MO,City,Appleton City,found,https://acmogov.com/Bids.aspx,civicplus,2026-08-18,wikidata,homepage
arnoldmo.org,Arnold,MO,City,Arnold,found,https://arnoldmo.org/rfp,agency,2026-08-18,wikidata,domain
ashlandmo.us,Ashland,MO,City,Ashland,found,https://ashlandmo.us/Bids.aspx,civicplus,2026-08-18,wikidata,domain
aurora-cityhall.org,Aurora,MO,City,Aurora,found,https://aurora-cityhall.org/Bids.aspx,civicplus,2026-08-18,wikidata,domain
avamissouri.org,Ava,MO,City,Ava,found,https://avamissouri.org/Bids.aspx,civicplus,2026-08-18,wikidata,domain
belton.org,Belton,MO,City,Belton,found,https://belton.org/bids,agency,2026-08-18,wikidata,domain
bethanymo.com,Bethany,MO,City,Bethany,found,https://bethanymo.com/bids,agency,2026-08-18,wikidata,domain
cityofblackjack.com,Black Jack,MO,City,Black Jack,found,https://cityofblackjack.com/Bids.aspx,civicplus,2026-08-18,wikidata,domain
bluespringsgov.com,Blue Springs,MO,City,Blue Springs,found,https://bluespringsgov.com/Bids.aspx,civicplus,2026-08-18,wikidata,domain
brentwoodmo.org,Brentwood,MO,City,Brentwood,found,https://brentwoodmo.org/Bids.aspx,civicplus,2026-08-18,wikidata,domain
bridgetonmo.com,Bridgeton,MO,City,Bridgeton,found,https://bridgetonmo.com/Bids.aspx,civicplus,2026-08-18,wikidata,domain
chesterfield.mo.us,Chesterfield,MO,City,Chesterfield,found,https://chesterfield.mo.us/Bids.aspx,civicplus,2026-08-18,wikidata,domain
clintonmo.com,Clinton,MO,City,Clinton,found,https://clintonmo.com/bids,agency,2026-08-18,wikidata,domain
desperesmo.org,Des Peres,MO,City,Des Peres,found,https://desperesmo.org/Bids.aspx,civicplus,2026-08-18,wikidata,domain
ellisville.mo.us,Ellisville,MO,City,Ellisville,found,https://ellisville.mo.us/Bids.aspx,civicplus,2026-08-18,wikidata,domain
eureka.mo.us,Eureka,MO,City,Eureka,found,https://eureka.mo.us/Bids.aspx,civicplus,2026-08-18,wikidata,domain
fentonmo.org,Fenton,MO,City,Fenton,found,https://fentonmo.org/Bids.aspx,civicplus,2026-08-18,wikidata,domain
florissantmo.com,Florissant,MO,City,Florissant,found,https://florissantmo.com/Bids.aspx,civicplus,2026-08-18,wikidata,domain
ci.harrisonville.mo.us,Harrisonville,MO,City,Harrisonville,found,https://ci.harrisonville.mo.us/Bids.aspx,civicplus,2026-08-18,wikidata,domain
hazelwoodmo.org,Hazelwood,MO,City,Hazelwood,found,https://hazelwoodmo.org/Bids.aspx,civicplus,2026-08-18,wikidata,domain
cityofjennings.org,Jennings,MO,City,Jennings,found,https://cityofjennings.org/Bids.aspx,civicplus,2026-08-18,wikidata,domain
joplinmo.org,Joplin,MO,City,Joplin,found,https://joplinmo.org/Bids.aspx,civicplus,2026-08-18,wikidata,domain
cityoflamar.org,Lamar,MO,City,Lamar,found,https://cityoflamar.org/Bids.aspx,civicplus,2026-08-18,wikidata,domain
lees-summit.mo.us,Lee's Summit,MO,City,Lee's Summit,found,https://lees-summit.mo.us/Bids.aspx,civicplus,2026-08-18,wikidata,domain
cityofleeton.com,Leeton,MO,City,Leeton,found,https://cityofleeton.com/Bids.aspx,civicplus,2026-08-18,wikidata,domain
louisiana-mo.com,Louisiana,MO,City,Louisiana,found,https://louisiana-mo.com/Bids.aspx,civicplus,2026-08-18,wikidata,domain
maryville.org,Maryville,MO,City,Maryville,found,https://maryville.org/Bids.aspx,civicplus,2026-08-18,wikidata,domain
mexicomissouri.net,Mexico,MO,City,Mexico,found,https://mexicomissouri.net/Bids.aspx,civicplus,2026-08-18,wikidata,domain
moberlymo.org,Moberly,MO,City,Moberly,found,https://moberlymo.org/Bids.aspx,civicplus,2026-08-18,wikidata,domain
nixa.com,Nixa,MO,City,Nixa,found,https://nixa.com/purchasing,agency,2026-08-18,wikidata,domain
ofallon.mo.us,O'Fallon,MO,City,O'Fallon,found,https://ofallon.mo.us/bid-opportunities,agency,2026-08-18,wikidata,domain
olivettemo.com,Olivette,MO,City,Olivette,found,https://olivettemo.com/Bids.aspx,civicplus,2026-08-18,wikidata,domain
overlandmo.org,Overland,MO,City,Overland,found,https://overlandmo.org/Bids.aspx,civicplus,2026-08-18,wikidata,domain
ozarkmissouri.com,Ozark,MO,City,Ozark,found,https://ozarkmissouri.com/Bids.aspx,civicplus,2026-08-18,wikidata,domain
cityofpevely.org,Pevely,MO,City,Pevely,found,https://cityofpevely.org/Bids.aspx,civicplus,2026-08-18,wikidata,domain
plattecity.org,Platte City,MO,City,Platte City,found,https://plattecity.org/Bids.aspx,civicplus,2026-08-18,wikidata,domain
pleasanthill.com,Pleasant Hill,MO,City,Pleasant Hill,found,https://pleasanthill.com/Bids.aspx,civicplus,2026-08-18,wikidata,domain
republicmo.com,Republic,MO,City,Republic,found,https://republicmo.com/Bids.aspx,civicplus,2026-08-18,wikidata,domain
cityofrichmondmo.org,Richmond,MO,City,Richmond,found,https://cityofrichmondmo.org/bid-opportunities,agency,2026-08-18,wikidata,domain
seymourmissouri.org,Seymour,MO,City,Seymour,found,https://seymourmissouri.org/bid-opportunities,agency,2026-08-18,wikidata,domain
sikeston.org,Sikeston,MO,City,Sikeston,found,https://sikeston.org/bids,agency,2026-08-18,wikidata,domain
stannmo.org,St. Ann,MO,City,St. Ann,found,https://stannmo.org/Bids.aspx,civicplus,2026-08-18,wikidata,domain
stpetersmo.net,St. Peters,MO,City,St. Peters,found,https://stpetersmo.net/Bids.aspx,civicplus,2026-08-18,wikidata,domain
sunset-hills.com,Sunset Hills,MO,City,Sunset Hills,found,https://sunset-hills.com/Bids.aspx,civicplus,2026-08-18,wikidata,domain
town-and-country.org,Town and Country,MO,City,Town and Country,found,https://town-and-country.org/Bids.aspx,civicplus,2026-08-18,wikidata,domain
trentonmo.com,Trenton,MO,City,Trenton,found,https://trentonmo.com/bids,agency,2026-08-18,wikidata,domain
ucitymo.org,University City,MO,City,University City,found,https://ucitymo.org/Bids.aspx,civicplus,2026-08-18,wikidata,homepage
warrensburg-mo.com,Warrensburg,MO,City,Warrensburg,found,https://warrensburg-mo.com/Bids.aspx,civicplus,2026-08-18,wikidata,domain
cityofwildwood.com,Wildwood,MO,City,Wildwood,found,https://cityofwildwood.com/Bids.aspx,civicplus,2026-08-18,wikidata,domain
cityofalliance.net,Alliance,NE,City,Alliance,found,https://cityofalliance.net/Bids.aspx,civicplus,2026-08-18,wikidata,domain
almacity.com,Alma,NE,City,Alma,found,https://almacity.com/Bids.aspx,civicplus,2026-08-18,wikidata,domain
centerne.com,Center,NE,City,Center,found,https://centerne.com/Bids.aspx,civicplus,2026-08-18,wikidata,domain
chadron-nebraska.com,Chadron,NE,City,Chadron,found,https://chadron-nebraska.com/Bids.aspx,civicplus,2026-08-18,wikidata,domain
columbusne.us,Columbus,NE,City,Columbus,found,https://columbusne.us/Bids.aspx,civicplus,2026-08-18,wikidata,domain
fairburyne.org,Fairbury,NE,City,Fairbury,found,https://fairburyne.org/Bids.aspx,civicplus,2026-08-18,wikidata,domain
ci.gothenburg.ne.us,Gothenburg,NE,City,Gothenburg,found,https://ci.gothenburg.ne.us/bids,agency,2026-08-18,wikidata,domain
gretnane.org,Gretna,NE,City,Gretna,found,https://gretnane.org/Bids.aspx,civicplus,2026-08-18,wikidata,domain
cityofhastings.org,Hastings,NE,City,Hastings,found,https://cityofhastings.org/bids,agency,2026-08-18,wikidata,domain
hebronnebraska.us,Hebron,NE,City,Hebron,found,https://hebronnebraska.us/Bids.aspx,civicplus,2026-08-18,wikidata,domain
madison-ne.com,Madison,NE,City,Madison,found,https://madison-ne.com/bids,agency,2026-08-18,wikidata,domain
cityofmccook.com,McCook,NE,City,McCook,found,https://cityofmccook.com/Bids.aspx,civicplus,2026-08-18,wikidata,domain
mindennebraska.org,Minden,NE,City,Minden,found,https://mindennebraska.org/Bids.aspx,civicplus,2026-08-18,wikidata,domain
ci.north-platte.ne.us,North Platte,NE,City,North Platte,found,https://ci.north-platte.ne.us/Bids.aspx,civicplus,2026-08-18,wikidata,domain
papillion.org,Papillion,NE,City,Papillion,found,https://papillion.org/Bids.aspx,civicplus,2026-08-18,wikidata,domain
cityofsidney.org,Sidney,NE,City,Sidney,found,https://cityofsidney.org/Bids.aspx,civicplus,2026-08-18,wikidata,domain
adaok.com,Ada,OK,City,Ada,found,https://adaok.com/Bids.aspx,civicplus,2026-08-18,wikidata,domain
alvaok.org,Alva,OK,City,Alva,found,https://alvaok.org/bids,agency,2026-08-18,wikidata,domain
ardmorecity.org,Ardmore,OK,City,Ardmore,found,https://ardmorecity.org/Bids.aspx,civicplus,2026-08-18,wikidata,domain
cityofbartlesville.org,Bartlesville,OK,City,Bartlesville,found,https://cityofbartlesville.org/bids,agency,2026-08-18,wikidata,domain
cachegov.com,Cache,OK,City,Cache,found,https://cachegov.com/invitation-to-bid,agency,2026-08-18,wikidata,domain
cityofcushing.com,Cushing,OK,City,Cushing,found,https://cityofcushing.com/departments/purchasing,agency,2026-08-18,wikidata,domain
cityofdelcity.com,Del City,OK,City,Del City,found,https://cityofdelcity.com/bid-opportunities,agency,2026-08-18,wikidata,domain
durant.org,Durant,OK,City,Durant,found,https://durant.org/Bids.aspx,civicplus,2026-08-18,wikidata,domain
edmondok.com,Edmond,OK,City,Edmond,found,https://edmondok.com/Bids.aspx,civicplus,2026-08-18,wikidata,domain
elkcity.com,Elk City,OK,City,Elk City,found,https://elkcity.com/bids,agency,2026-08-18,wikidata,domain
enid.org,Enid,OK,City,Enid,found,https://enid.org/bids,agency,2026-08-18,wikidata,domain
glenpoolonline.com,Glenpool,OK,City,Glenpool,found,https://glenpoolonline.com/Bids.aspx,civicplus,2026-08-18,wikidata,domain
cityofguthrie.com,Guthrie,OK,City,Guthrie,found,https://cityofguthrie.com/bids,agency,2026-08-18,wikidata,domain
cityofholdenville.com,Holdenville,OK,City,Holdenville,found,https://cityofholdenville.com/Bids.aspx,civicplus,2026-08-18,wikidata,domain
jenks.com,Jenks,OK,City,Jenks,found,https://jenks.com/Bids.aspx,civicplus,2026-08-18,wikidata,domain
kingfisher.org,Kingfisher,OK,City,Kingfisher,found,https://kingfisher.org/bids,agency,2026-08-18,wikidata,domain
cityofkrebs.com,Krebs,OK,City,Krebs,found,https://cityofkrebs.com/Bids.aspx,civicplus,2026-08-18,wikidata,domain
midwestcityok.org,Midwest City,OK,City,Midwest City,found,https://midwestcityok.org/Bids.aspx,civicplus,2026-08-18,wikidata,domain
cityofnewcastleok.com,Newcastle,OK,City,Newcastle,found,https://cityofnewcastleok.com/departments/purchasing,agency,2026-08-18,wikidata,domain
okemahok.org,Okemah,OK,City,Okemah,found,https://okemahok.org/open-bids,agency,2026-08-18,wikidata,domain
okmulgeeonline.com,Okmulgee,OK,City,Okmulgee,found,https://okmulgeeonline.com/Bids.aspx,civicplus,2026-08-18,wikidata,domain
cityofowasso.com,Owasso,OK,City,Owasso,found,https://cityofowasso.com/Bids.aspx,civicplus,2026-08-18,wikidata,domain
pawhuska.com,Pawhuska,OK,City,Pawhuska,found,https://pawhuska.com/Bids.aspx,civicplus,2026-08-18,wikidata,domain
cityofpawnee.com,Pawnee,OK,City,Pawnee,found,https://cityofpawnee.com/Bids.aspx,civicplus,2026-08-18,wikidata,domain
cityofpurcell.com,Purcell,OK,City,Purcell,found,https://cityofpurcell.com/Bids.aspx,civicplus,2026-08-18,wikidata,domain
sallisawok.org,Sallisaw,OK,City,Sallisaw,found,https://sallisawok.org/Bids.aspx,civicplus,2026-08-18,wikidata,domain
cityoftahlequah.com,Tahlequah,OK,City,Tahlequah,found,https://cityoftahlequah.com/Bids.aspx,civicplus,2026-08-18,wikidata,domain
tecumsehok.com,Tecumseh,OK,City,Tecumseh,found,https://tecumsehok.com/Bids.aspx,civicplus,2026-08-18,wikidata,domain
waurika.us,Waurika,OK,City,Waurika,found,https://waurika.us/Bids.aspx,civicplus,2026-08-18,wikidata,domain
cityofwilburton.com,Wilburton,OK,City,Wilburton,found,https://cityofwilburton.com/government/purchasing,agency,2026-08-18,wikidata,domain
cityofwoodward.com,Woodward,OK,City,Woodward,found,https://cityofwoodward.com/Bids.aspx,civicplus,2026-08-18,wikidata,domain
cityofbartlett.org,Bartlett,TN,City,Bartlett,found,https://cityofbartlett.org/Bids.aspx,civicplus,2026-08-18,wikidata,domain
cityofbolivar.com,Bolivar,TN,City,Bolivar,found,https://cityofbolivar.com/business/bids,agency,2026-08-18,wikidata,domain
cityofclarksville.com,Clarksville,TN,City,Clarksville,found,https://cityofclarksville.com/Bids.aspx,civicplus,2026-08-18,wikidata,domain
elizabethton.org,Elizabethton,TN,City,Elizabethton,found,https://elizabethton.org/departments/purchasing,agency,2026-08-18,wikidata,domain
greenbriertn.org,Greenbrier,TN,City,Greenbrier,found,https://greenbriertn.org/Bids.aspx,civicplus,2026-08-18,wikidata,domain
hvilletn.org,Hendersonville,TN,City,Hendersonville,found,https://hvilletn.org/Bids.aspx,civicplus,2026-08-18,wikidata,homepage
jonesboroughtn.org,Jonesborough,TN,City,Jonesborough,found,https://jonesboroughtn.org/bids,agency,2026-08-18,wikidata,domain
lebanontn.org,Lebanon,TN,City,Lebanon,found,https://lebanontn.org/Bids.aspx,civicplus,2026-08-18,wikidata,domain
maryvillegov.com,Maryville,TN,City,Maryville,found,https://maryvillegov.com/bid-opportunities,agency,2026-08-18,wikidata,domain
mymorristown.com,Morristown,TN,City,Morristown,found,https://mymorristown.com/departments/purchasing,agency,2026-08-18,wikidata,domain
cityofnorris.com,Norris,TN,City,Norris,found,https://cityofnorris.com/bids,agency,2026-08-18,wikidata,domain
pipertontn.com,Piperton,TN,City,Piperton,found,https://pipertontn.com/Bids.aspx,civicplus,2026-08-18,wikidata,domain
ripleytenn.com,Ripley,TN,City,Ripley,found,https://ripleytenn.com/Bids.aspx,civicplus,2026-08-18,wikidata,domain
rockwoodtn.org,Rockwood,TN,City,Rockwood,found,https://rockwoodtn.org/Bids.aspx,civicplus,2026-08-18,wikidata,domain
cityofsavannah.org,Savannah,TN,City,Savannah,found,https://cityofsavannah.org/rfp,agency,2026-08-18,wikidata,domain
seviervilletn.org,Sevierville,TN,City,Sevierville,found,https://seviervilletn.org/Bids.aspx,civicplus,2026-08-18,wikidata,domain
soddy-daisy.org,Soddy-Daisy,TN,City,Soddy-Daisy,found,https://soddy-daisy.org/bids,agency,2026-08-18,wikidata,domain
somervilletn.org,Somerville,TN,City,Somerville,found,https://somervilletn.org/Bids.aspx,civicplus,2026-08-18,wikidata,domain
springhilltn.org,Spring Hill,TN,City,Spring Hill,found,https://springhilltn.org/Bids.aspx,civicplus,2026-08-18,wikidata,domain
springfield-tn.org,Springfield,TN,City,Springfield,found,https://springfield-tn.org/Bids.aspx,civicplus,2026-08-18,wikidata,domain
cityoftownsend.com,Townsend,TN,City,Townsend,found,https://cityoftownsend.com/Bids.aspx,civicplus,2026-08-18,wikidata,domain
